-- drop user CMS_USER_ADMIN cascade;

--------------------------------------------------------
ALTER SESSION SET CURRENT_SCHEMA = NOTIFICATION;

BEGIN
  FOR rec IN (
    SELECT owner, table_name, constraint_name
    FROM all_constraints
    WHERE constraint_type = 'R' 
      AND owner = 'NOTIFICATION'  -- or use a specific schema name
  )
  LOOP
    EXECUTE IMMEDIATE 'ALTER TABLE ' || rec.owner || '.' || rec.table_name ||
                      ' DISABLE CONSTRAINT ' || rec.constraint_name;
  END LOOP;
END;
/

-- ------------------------------------------------
--------------------------------------------------------
--------------------------------------------------------
--  File created - Friday-September-05-2025   
--------------------------------------------------------
REM INSERTING into NOTIFICATION.EVENT
SET DEFINE OFF;
Insert into NOTIFICATION.EVENT (EVENT_ID,MODULE_CODE,EVENT_CODE,EVENT_NAME,TENANT_CODE,DML_TYPE,DML_BY,DML_ON) values (128,'CMS','EB0378_0','EMEB0378_0','SBI','I','ShraddhaM',to_timestamp('04-SEP-25 07.03.47.000000000 AM','DD-MON-RR HH.MI.SSXFF AM'));
Insert into NOTIFICATION.EVENT (EVENT_ID,MODULE_CODE,EVENT_CODE,EVENT_NAME,TENANT_CODE,DML_TYPE,DML_BY,DML_ON) values (107,'CMS','EC0371_0','EMEC0371_0','SBI','I','TejasM',to_timestamp('02-SEP-25 06.16.39.000000000 AM','DD-MON-RR HH.MI.SSXFF AM'));
Insert into NOTIFICATION.EVENT (EVENT_ID,MODULE_CODE,EVENT_CODE,EVENT_NAME,TENANT_CODE,DML_TYPE,DML_BY,DML_ON) values (127,'CMS','EB0377_0','EMEB0377_0','SBI','I','ShraddhaM',to_timestamp('04-SEP-25 06.58.36.000000000 AM','DD-MON-RR HH.MI.SSXFF AM'));
Insert into NOTIFICATION.EVENT (EVENT_ID,MODULE_CODE,EVENT_CODE,EVENT_NAME,TENANT_CODE,DML_TYPE,DML_BY,DML_ON) values (27,'CMS','EB0346_0','EMEB0346_0','SBI','I','EktaM',to_timestamp('28-AUG-25 12.21.43.000000000 PM','DD-MON-RR HH.MI.SSXFF AM'));
Insert into NOTIFICATION.EVENT (EVENT_ID,MODULE_CODE,EVENT_CODE,EVENT_NAME,TENANT_CODE,DML_TYPE,DML_BY,DML_ON) values (28,'CMS','EB0345_0','EMEB0345_0','SBI','I','EktaM',to_timestamp('28-AUG-25 12.23.30.000000000 PM','DD-MON-RR HH.MI.SSXFF AM'));
Insert into NOTIFICATION.EVENT (EVENT_ID,MODULE_CODE,EVENT_CODE,EVENT_NAME,TENANT_CODE,DML_TYPE,DML_BY,DML_ON) values (25,'CMS','EB0343_0','EMEB0343_0','SBI','I','ShraddhaM',to_timestamp('28-AUG-25 12.20.24.000000000 PM','DD-MON-RR HH.MI.SSXFF AM'));
Insert into NOTIFICATION.EVENT (EVENT_ID,MODULE_CODE,EVENT_CODE,EVENT_NAME,TENANT_CODE,DML_TYPE,DML_BY,DML_ON) values (26,'CMS','EB0344_0','EMEB0344_0','SBI','I','ShraddhaM',to_timestamp('28-AUG-25 12.20.39.000000000 PM','DD-MON-RR HH.MI.SSXFF AM'));
Insert into NOTIFICATION.EVENT (EVENT_ID,MODULE_CODE,EVENT_CODE,EVENT_NAME,TENANT_CODE,DML_TYPE,DML_BY,DML_ON) values (29,'CMS','EB0347_0','EMEB0347_0','SBI','I','EktaM',to_timestamp('28-AUG-25 12.24.57.000000000 PM','DD-MON-RR HH.MI.SSXFF AM'));
Insert into NOTIFICATION.EVENT (EVENT_ID,MODULE_CODE,EVENT_CODE,EVENT_NAME,TENANT_CODE,DML_TYPE,DML_BY,DML_ON) values (30,'CMS','EB0348_0','EMEB0348_0','SBI','I','EktaM',to_timestamp('28-AUG-25 12.28.57.000000000 PM','DD-MON-RR HH.MI.SSXFF AM'));
Insert into NOTIFICATION.EVENT (EVENT_ID,MODULE_CODE,EVENT_CODE,EVENT_NAME,TENANT_CODE,DML_TYPE,DML_BY,DML_ON) values (31,'CMS','EB0349_0','EMEB0349_0','SBI','I','EktaM',to_timestamp('28-AUG-25 12.29.10.000000000 PM','DD-MON-RR HH.MI.SSXFF AM'));
Insert into NOTIFICATION.EVENT (EVENT_ID,MODULE_CODE,EVENT_CODE,EVENT_NAME,TENANT_CODE,DML_TYPE,DML_BY,DML_ON) values (32,'CMS','EB0350_0','EMEB0350_0','SBI','I','EktaM',to_timestamp('28-AUG-25 12.29.17.000000000 PM','DD-MON-RR HH.MI.SSXFF AM'));
Insert into NOTIFICATION.EVENT (EVENT_ID,MODULE_CODE,EVENT_CODE,EVENT_NAME,TENANT_CODE,DML_TYPE,DML_BY,DML_ON) values (33,'CMS','EC0351_0','EMEC0351_0','SBI','I','EktaM',to_timestamp('28-AUG-25 12.56.46.000000000 PM','DD-MON-RR HH.MI.SSXFF AM'));
Insert into NOTIFICATION.EVENT (EVENT_ID,MODULE_CODE,EVENT_CODE,EVENT_NAME,TENANT_CODE,DML_TYPE,DML_BY,DML_ON) values (34,'CMS','EC0352_0','SMEC0352_0','SBI','I','EktaM',to_timestamp('28-AUG-25 12.56.55.000000000 PM','DD-MON-RR HH.MI.SSXFF AM'));
Insert into NOTIFICATION.EVENT (EVENT_ID,MODULE_CODE,EVENT_CODE,EVENT_NAME,TENANT_CODE,DML_TYPE,DML_BY,DML_ON) values (35,'CMS','EC0353_0','EMEC0353_0','SBI','I','EktaM',to_timestamp('28-AUG-25 12.57.56.000000000 PM','DD-MON-RR HH.MI.SSXFF AM'));
Insert into NOTIFICATION.EVENT (EVENT_ID,MODULE_CODE,EVENT_CODE,EVENT_NAME,TENANT_CODE,DML_TYPE,DML_BY,DML_ON) values (36,'CMS','EC0354_0','EMEC0354_0','SBI','I','EktaM',to_timestamp('28-AUG-25 12.58.10.000000000 PM','DD-MON-RR HH.MI.SSXFF AM'));
Insert into NOTIFICATION.EVENT (EVENT_ID,MODULE_CODE,EVENT_CODE,EVENT_NAME,TENANT_CODE,DML_TYPE,DML_BY,DML_ON) values (37,'CMS','EC0355_0','EMEC0355_0','SBI','I','EktaM',to_timestamp('28-AUG-25 12.58.23.000000000 PM','DD-MON-RR HH.MI.SSXFF AM'));
Insert into NOTIFICATION.EVENT (EVENT_ID,MODULE_CODE,EVENT_CODE,EVENT_NAME,TENANT_CODE,DML_TYPE,DML_BY,DML_ON) values (38,'CMS','EC0356_0','EMEC0356_0','SBI','I','EktaM',to_timestamp('28-AUG-25 12.58.38.000000000 PM','DD-MON-RR HH.MI.SSXFF AM'));
Insert into NOTIFICATION.EVENT (EVENT_ID,MODULE_CODE,EVENT_CODE,EVENT_NAME,TENANT_CODE,DML_TYPE,DML_BY,DML_ON) values (87,'CMS','EC0370_0','EMEC0370_0','SBI','I','ShraddhaM',to_timestamp('01-SEP-25 10.36.12.000000000 AM','DD-MON-RR HH.MI.SSXFF AM'));
Insert into NOTIFICATION.EVENT (EVENT_ID,MODULE_CODE,EVENT_CODE,EVENT_NAME,TENANT_CODE,DML_TYPE,DML_BY,DML_ON) values (88,'CMS','EB0369_0','EMEB0369_0','SBI','I','ShraddhaM',to_timestamp('01-SEP-25 10.36.20.000000000 AM','DD-MON-RR HH.MI.SSXFF AM'));
Insert into NOTIFICATION.EVENT (EVENT_ID,MODULE_CODE,EVENT_CODE,EVENT_NAME,TENANT_CODE,DML_TYPE,DML_BY,DML_ON) values (89,'CMS','EB0368_0','EMEB0368_0','SBI','I','ShraddhaM',to_timestamp('01-SEP-25 10.36.27.000000000 AM','DD-MON-RR HH.MI.SSXFF AM'));
Insert into NOTIFICATION.EVENT (EVENT_ID,MODULE_CODE,EVENT_CODE,EVENT_NAME,TENANT_CODE,DML_TYPE,DML_BY,DML_ON) values (108,'CMS','EC0372_0','SMEC0372_0','SBI','I','TejasM',to_timestamp('02-SEP-25 06.44.10.000000000 AM','DD-MON-RR HH.MI.SSXFF AM'));
Insert into NOTIFICATION.EVENT (EVENT_ID,MODULE_CODE,EVENT_CODE,EVENT_NAME,TENANT_CODE,DML_TYPE,DML_BY,DML_ON) values (111,'CMS','EC0374_0','EMEC0374_0','SBI','I','TejasM',to_timestamp('02-SEP-25 09.10.43.000000000 AM','DD-MON-RR HH.MI.SSXFF AM'));
Insert into NOTIFICATION.EVENT (EVENT_ID,MODULE_CODE,EVENT_CODE,EVENT_NAME,TENANT_CODE,DML_TYPE,DML_BY,DML_ON) values (109,'CMS','EC0376_0','EMEC0376_0','SBI','I','TejasM',to_timestamp('02-SEP-25 09.10.26.000000000 AM','DD-MON-RR HH.MI.SSXFF AM'));
Insert into NOTIFICATION.EVENT (EVENT_ID,MODULE_CODE,EVENT_CODE,EVENT_NAME,TENANT_CODE,DML_TYPE,DML_BY,DML_ON) values (110,'CMS','EC0375_0','EMEC0375_0','SBI','I','TejasM',to_timestamp('02-SEP-25 09.10.34.000000000 AM','DD-MON-RR HH.MI.SSXFF AM'));
Insert into NOTIFICATION.EVENT (EVENT_ID,MODULE_CODE,EVENT_CODE,EVENT_NAME,TENANT_CODE,DML_TYPE,DML_BY,DML_ON) values (112,'CMS','EC0373_0','EMEC0373_0','SBI','I','TejasM',to_timestamp('02-SEP-25 09.10.51.000000000 AM','DD-MON-RR HH.MI.SSXFF AM'));
Insert into NOTIFICATION.EVENT (EVENT_ID,MODULE_CODE,EVENT_CODE,EVENT_NAME,TENANT_CODE,DML_TYPE,DML_BY,DML_ON) values (129,'CMS','EB0382_0','EMEB0382_0','SBI','I','ShraddhaM',to_timestamp('04-SEP-25 08.15.23.000000000 AM','DD-MON-RR HH.MI.SSXFF AM'));
Insert into NOTIFICATION.EVENT (EVENT_ID,MODULE_CODE,EVENT_CODE,EVENT_NAME,TENANT_CODE,DML_TYPE,DML_BY,DML_ON) values (130,'CMS','EB0381_0','EMEB0381_0','SBI','I','ShraddhaM',to_timestamp('04-SEP-25 08.15.29.000000000 AM','DD-MON-RR HH.MI.SSXFF AM'));
Insert into NOTIFICATION.EVENT (EVENT_ID,MODULE_CODE,EVENT_CODE,EVENT_NAME,TENANT_CODE,DML_TYPE,DML_BY,DML_ON) values (131,'CMS','EB0380_0','EMEB0380_0','SBI','I','ShraddhaM',to_timestamp('04-SEP-25 08.15.35.000000000 AM','DD-MON-RR HH.MI.SSXFF AM'));
Insert into NOTIFICATION.EVENT (EVENT_ID,MODULE_CODE,EVENT_CODE,EVENT_NAME,TENANT_CODE,DML_TYPE,DML_BY,DML_ON) values (132,'CMS','EB0379_0','EMEB0379_0','SBI','I','ShraddhaM',to_timestamp('04-SEP-25 08.15.41.000000000 AM','DD-MON-RR HH.MI.SSXFF AM'));
Insert into NOTIFICATION.EVENT (EVENT_ID,MODULE_CODE,EVENT_CODE,EVENT_NAME,TENANT_CODE,DML_TYPE,DML_BY,DML_ON) values (133,'CMS','EB0383_0','EMEB0383_0','SBI','I','ShraddhaM',to_timestamp('04-SEP-25 08.26.05.000000000 AM','DD-MON-RR HH.MI.SSXFF AM'));
Insert into NOTIFICATION.EVENT (EVENT_ID,MODULE_CODE,EVENT_CODE,EVENT_NAME,TENANT_CODE,DML_TYPE,DML_BY,DML_ON) values (134,'CMS','EB0408_0','EMEB0408_0','SBI','I','ShraddhaM',to_timestamp('04-SEP-25 12.20.56.000000000 PM','DD-MON-RR HH.MI.SSXFF AM'));
Insert into NOTIFICATION.EVENT (EVENT_ID,MODULE_CODE,EVENT_CODE,EVENT_NAME,TENANT_CODE,DML_TYPE,DML_BY,DML_ON) values (135,'CMS','EB0407_0','EMEB0407_0','SBI','I','ShraddhaM',to_timestamp('04-SEP-25 12.22.57.000000000 PM','DD-MON-RR HH.MI.SSXFF AM'));
Insert into NOTIFICATION.EVENT (EVENT_ID,MODULE_CODE,EVENT_CODE,EVENT_NAME,TENANT_CODE,DML_TYPE,DML_BY,DML_ON) values (136,'CMS','EB0406_0','EMEB0406_0','SBI','I','ShraddhaM',to_timestamp('04-SEP-25 12.23.26.000000000 PM','DD-MON-RR HH.MI.SSXFF AM'));
Insert into NOTIFICATION.EVENT (EVENT_ID,MODULE_CODE,EVENT_CODE,EVENT_NAME,TENANT_CODE,DML_TYPE,DML_BY,DML_ON) values (159,'CMS','EB0409_0','EMEB0409_0','SBI','I','EktaM',to_timestamp('04-SEP-25 01.33.51.000000000 PM','DD-MON-RR HH.MI.SSXFF AM'));
Insert into NOTIFICATION.EVENT (EVENT_ID,MODULE_CODE,EVENT_CODE,EVENT_NAME,TENANT_CODE,DML_TYPE,DML_BY,DML_ON) values (61,'CMS','EB0365_0','EMEB0365_0','SBI','I','ShraddhaM',to_timestamp('29-AUG-25 05.35.54.000000000 AM','DD-MON-RR HH.MI.SSXFF AM'));
Insert into NOTIFICATION.EVENT (EVENT_ID,MODULE_CODE,EVENT_CODE,EVENT_NAME,TENANT_CODE,DML_TYPE,DML_BY,DML_ON) values (62,'CMS','EB0364_0','EMEB0364_0','SBI','I','ShraddhaM',to_timestamp('29-AUG-25 05.39.02.000000000 AM','DD-MON-RR HH.MI.SSXFF AM'));
Insert into NOTIFICATION.EVENT (EVENT_ID,MODULE_CODE,EVENT_CODE,EVENT_NAME,TENANT_CODE,DML_TYPE,DML_BY,DML_ON) values (63,'CMS','EB0363_0','EMEB0363_0','SBI','I','ShraddhaM',to_timestamp('29-AUG-25 05.39.18.000000000 AM','DD-MON-RR HH.MI.SSXFF AM'));
Insert into NOTIFICATION.EVENT (EVENT_ID,MODULE_CODE,EVENT_CODE,EVENT_NAME,TENANT_CODE,DML_TYPE,DML_BY,DML_ON) values (64,'CMS','EB0360_0','EMEB0360_0','SBI','I','ShraddhaM',to_timestamp('29-AUG-25 05.39.25.000000000 AM','DD-MON-RR HH.MI.SSXFF AM'));
Insert into NOTIFICATION.EVENT (EVENT_ID,MODULE_CODE,EVENT_CODE,EVENT_NAME,TENANT_CODE,DML_TYPE,DML_BY,DML_ON) values (65,'CMS','EB0361_0','EMEB0361_0','SBI','I','ShraddhaM',to_timestamp('29-AUG-25 05.39.32.000000000 AM','DD-MON-RR HH.MI.SSXFF AM'));
Insert into NOTIFICATION.EVENT (EVENT_ID,MODULE_CODE,EVENT_CODE,EVENT_NAME,TENANT_CODE,DML_TYPE,DML_BY,DML_ON) values (66,'CMS','EB0362_0','EMEB0362_0','SBI','I','ShraddhaM',to_timestamp('29-AUG-25 05.39.39.000000000 AM','DD-MON-RR HH.MI.SSXFF AM'));
Insert into NOTIFICATION.EVENT (EVENT_ID,MODULE_CODE,EVENT_CODE,EVENT_NAME,TENANT_CODE,DML_TYPE,DML_BY,DML_ON) values (67,'CMS','EB0367_0','EMEB0367_0','SBI','I','ShraddhaM',to_timestamp('29-AUG-25 06.49.36.000000000 AM','DD-MON-RR HH.MI.SSXFF AM'));
Insert into NOTIFICATION.EVENT (EVENT_ID,MODULE_CODE,EVENT_CODE,EVENT_NAME,TENANT_CODE,DML_TYPE,DML_BY,DML_ON) values (68,'CMS','EB0366_0','EMEB0366_0','SBI','I','ShraddhaM',to_timestamp('29-AUG-25 06.49.44.000000000 AM','DD-MON-RR HH.MI.SSXFF AM'));
Insert into NOTIFICATION.EVENT (EVENT_ID,MODULE_CODE,EVENT_CODE,EVENT_NAME,TENANT_CODE,DML_TYPE,DML_BY,DML_ON) values (43,'CMS','EB0358_0','EMEB0358_0','SBI','I','ShraddhaM',to_timestamp('28-AUG-25 02.46.19.000000000 PM','DD-MON-RR HH.MI.SSXFF AM'));
Insert into NOTIFICATION.EVENT (EVENT_ID,MODULE_CODE,EVENT_CODE,EVENT_NAME,TENANT_CODE,DML_TYPE,DML_BY,DML_ON) values (137,'CMS','EB0385_0','EMEB0385_0','SBI','I','ShraddhaM',to_timestamp('04-SEP-25 12.27.52.000000000 PM','DD-MON-RR HH.MI.SSXFF AM'));
Insert into NOTIFICATION.EVENT (EVENT_ID,MODULE_CODE,EVENT_CODE,EVENT_NAME,TENANT_CODE,DML_TYPE,DML_BY,DML_ON) values (138,'CMS','EB0405_0','EMEB0405_0','SBI','I','ShraddhaM',to_timestamp('04-SEP-25 12.29.50.000000000 PM','DD-MON-RR HH.MI.SSXFF AM'));
Insert into NOTIFICATION.EVENT (EVENT_ID,MODULE_CODE,EVENT_CODE,EVENT_NAME,TENANT_CODE,DML_TYPE,DML_BY,DML_ON) values (139,'CMS','EB0403_0','EMEB0403_0','SBI','I','ShraddhaM',to_timestamp('04-SEP-25 12.30.03.000000000 PM','DD-MON-RR HH.MI.SSXFF AM'));
Insert into NOTIFICATION.EVENT (EVENT_ID,MODULE_CODE,EVENT_CODE,EVENT_NAME,TENANT_CODE,DML_TYPE,DML_BY,DML_ON) values (140,'CMS','EB0404_0','EMEB0404_0','SBI','I','ShraddhaM',to_timestamp('04-SEP-25 12.30.08.000000000 PM','DD-MON-RR HH.MI.SSXFF AM'));
Insert into NOTIFICATION.EVENT (EVENT_ID,MODULE_CODE,EVENT_CODE,EVENT_NAME,TENANT_CODE,DML_TYPE,DML_BY,DML_ON) values (141,'CMS','EB0400_0','EMEB0400_0','SBI','I','ShraddhaM',to_timestamp('04-SEP-25 12.30.12.000000000 PM','DD-MON-RR HH.MI.SSXFF AM'));
Insert into NOTIFICATION.EVENT (EVENT_ID,MODULE_CODE,EVENT_CODE,EVENT_NAME,TENANT_CODE,DML_TYPE,DML_BY,DML_ON) values (142,'CMS','EB0401_0','EMEB0401_0','SBI','I','ShraddhaM',to_timestamp('04-SEP-25 12.30.18.000000000 PM','DD-MON-RR HH.MI.SSXFF AM'));
Insert into NOTIFICATION.EVENT (EVENT_ID,MODULE_CODE,EVENT_CODE,EVENT_NAME,TENANT_CODE,DML_TYPE,DML_BY,DML_ON) values (143,'CMS','EB0399_0','EMEB0399_0','SBI','I','ShraddhaM',to_timestamp('04-SEP-25 12.30.23.000000000 PM','DD-MON-RR HH.MI.SSXFF AM'));
Insert into NOTIFICATION.EVENT (EVENT_ID,MODULE_CODE,EVENT_CODE,EVENT_NAME,TENANT_CODE,DML_TYPE,DML_BY,DML_ON) values (144,'CMS','EB0402_0','EMEB0402_0','SBI','I','ShraddhaM',to_timestamp('04-SEP-25 12.30.27.000000000 PM','DD-MON-RR HH.MI.SSXFF AM'));
Insert into NOTIFICATION.EVENT (EVENT_ID,MODULE_CODE,EVENT_CODE,EVENT_NAME,TENANT_CODE,DML_TYPE,DML_BY,DML_ON) values (145,'CMS','EB0398_0','EMEB0398_0','SBI','I','ShraddhaM',to_timestamp('04-SEP-25 12.30.33.000000000 PM','DD-MON-RR HH.MI.SSXFF AM'));
Insert into NOTIFICATION.EVENT (EVENT_ID,MODULE_CODE,EVENT_CODE,EVENT_NAME,TENANT_CODE,DML_TYPE,DML_BY,DML_ON) values (146,'CMS','EB0397_0','EMEB0397_0','SBI','I','ShraddhaM',to_timestamp('04-SEP-25 12.30.42.000000000 PM','DD-MON-RR HH.MI.SSXFF AM'));
Insert into NOTIFICATION.EVENT (EVENT_ID,MODULE_CODE,EVENT_CODE,EVENT_NAME,TENANT_CODE,DML_TYPE,DML_BY,DML_ON) values (147,'CMS','EB0395_0','EMEB0395_0','SBI','I','ShraddhaM',to_timestamp('04-SEP-25 12.30.51.000000000 PM','DD-MON-RR HH.MI.SSXFF AM'));
Insert into NOTIFICATION.EVENT (EVENT_ID,MODULE_CODE,EVENT_CODE,EVENT_NAME,TENANT_CODE,DML_TYPE,DML_BY,DML_ON) values (41,'CMS','EC0357_0','EMEC0357_0','SBI','I','ShraddhaM',to_timestamp('28-AUG-25 02.41.37.000000000 PM','DD-MON-RR HH.MI.SSXFF AM'));
Insert into NOTIFICATION.EVENT (EVENT_ID,MODULE_CODE,EVENT_CODE,EVENT_NAME,TENANT_CODE,DML_TYPE,DML_BY,DML_ON) values (42,'CMS','EB0359_0','EMEB0359_0','SBI','I','ShraddhaM',to_timestamp('28-AUG-25 02.46.11.000000000 PM','DD-MON-RR HH.MI.SSXFF AM'));
Insert into NOTIFICATION.EVENT (EVENT_ID,MODULE_CODE,EVENT_CODE,EVENT_NAME,TENANT_CODE,DML_TYPE,DML_BY,DML_ON) values (148,'CMS','EB0394_0','EMEB0394_0','SBI','I','ShraddhaM',to_timestamp('04-SEP-25 12.30.58.000000000 PM','DD-MON-RR HH.MI.SSXFF AM'));
Insert into NOTIFICATION.EVENT (EVENT_ID,MODULE_CODE,EVENT_CODE,EVENT_NAME,TENANT_CODE,DML_TYPE,DML_BY,DML_ON) values (149,'CMS','EB0396_0','EMEB0396_0','SBI','I','ShraddhaM',to_timestamp('04-SEP-25 12.31.13.000000000 PM','DD-MON-RR HH.MI.SSXFF AM'));
Insert into NOTIFICATION.EVENT (EVENT_ID,MODULE_CODE,EVENT_CODE,EVENT_NAME,TENANT_CODE,DML_TYPE,DML_BY,DML_ON) values (150,'CMS','EB0393_0','EMEB0393_0','SBI','I','ShraddhaM',to_timestamp('04-SEP-25 12.31.20.000000000 PM','DD-MON-RR HH.MI.SSXFF AM'));
Insert into NOTIFICATION.EVENT (EVENT_ID,MODULE_CODE,EVENT_CODE,EVENT_NAME,TENANT_CODE,DML_TYPE,DML_BY,DML_ON) values (151,'CMS','EB0392_0','EMEB0392_0','SBI','I','ShraddhaM',to_timestamp('04-SEP-25 12.31.28.000000000 PM','DD-MON-RR HH.MI.SSXFF AM'));
Insert into NOTIFICATION.EVENT (EVENT_ID,MODULE_CODE,EVENT_CODE,EVENT_NAME,TENANT_CODE,DML_TYPE,DML_BY,DML_ON) values (152,'CMS','EB0391_0','EMEB0391_0','SBI','I','ShraddhaM',to_timestamp('04-SEP-25 12.31.34.000000000 PM','DD-MON-RR HH.MI.SSXFF AM'));
Insert into NOTIFICATION.EVENT (EVENT_ID,MODULE_CODE,EVENT_CODE,EVENT_NAME,TENANT_CODE,DML_TYPE,DML_BY,DML_ON) values (153,'CMS','EB0389_0','EMEB0389_0','SBI','I','ShraddhaM',to_timestamp('04-SEP-25 12.31.40.000000000 PM','DD-MON-RR HH.MI.SSXFF AM'));
Insert into NOTIFICATION.EVENT (EVENT_ID,MODULE_CODE,EVENT_CODE,EVENT_NAME,TENANT_CODE,DML_TYPE,DML_BY,DML_ON) values (154,'CMS','EB0387_0','EMEB0387_0','SBI','I','ShraddhaM',to_timestamp('04-SEP-25 12.31.48.000000000 PM','DD-MON-RR HH.MI.SSXFF AM'));
Insert into NOTIFICATION.EVENT (EVENT_ID,MODULE_CODE,EVENT_CODE,EVENT_NAME,TENANT_CODE,DML_TYPE,DML_BY,DML_ON) values (155,'CMS','EB0388_0','EMEB0388_0','SBI','I','ShraddhaM',to_timestamp('04-SEP-25 12.31.54.000000000 PM','DD-MON-RR HH.MI.SSXFF AM'));
Insert into NOTIFICATION.EVENT (EVENT_ID,MODULE_CODE,EVENT_CODE,EVENT_NAME,TENANT_CODE,DML_TYPE,DML_BY,DML_ON) values (156,'CMS','EB0390_0','EMEB0390_0','SBI','I','ShraddhaM',to_timestamp('04-SEP-25 12.32.00.000000000 PM','DD-MON-RR HH.MI.SSXFF AM'));
Insert into NOTIFICATION.EVENT (EVENT_ID,MODULE_CODE,EVENT_CODE,EVENT_NAME,TENANT_CODE,DML_TYPE,DML_BY,DML_ON) values (157,'CMS','EB0386_0','EMEB0386_0','SBI','I','ShraddhaM',to_timestamp('04-SEP-25 12.32.05.000000000 PM','DD-MON-RR HH.MI.SSXFF AM'));
Insert into NOTIFICATION.EVENT (EVENT_ID,MODULE_CODE,EVENT_CODE,EVENT_NAME,TENANT_CODE,DML_TYPE,DML_BY,DML_ON) values (158,'CMS','EB0384_0','EMEB0384_0','SBI','I','ShraddhaM',to_timestamp('04-SEP-25 12.32.10.000000000 PM','DD-MON-RR HH.MI.SSXFF AM'));
REM INSERTING into NOTIFICATION.NOTIFICATION
SET DEFINE OFF;
Insert into NOTIFICATION.NOTIFICATION (NOTIFICATION_ID,EVENT_ID,NOTIFICATION_TEMPLATE_ID,COMMUNICATION_TC,LANGUAGE_CODE,TENANT_CODE,DML_TYPE,DML_BY,DML_ON) values (127,107,127,'EMAIL','en','SBI','I','cmsadmin',to_timestamp('02-SEP-25 06.16.40.000000000 AM','DD-MON-RR HH.MI.SSXFF AM'));
Insert into NOTIFICATION.NOTIFICATION (NOTIFICATION_ID,EVENT_ID,NOTIFICATION_TEMPLATE_ID,COMMUNICATION_TC,LANGUAGE_CODE,TENANT_CODE,DML_TYPE,DML_BY,DML_ON) values (128,107,128,'SMS','en','SBI','I','cmsadmin',to_timestamp('02-SEP-25 06.16.41.000000000 AM','DD-MON-RR HH.MI.SSXFF AM'));
Insert into NOTIFICATION.NOTIFICATION (NOTIFICATION_ID,EVENT_ID,NOTIFICATION_TEMPLATE_ID,COMMUNICATION_TC,LANGUAGE_CODE,TENANT_CODE,DML_TYPE,DML_BY,DML_ON) values (147,127,147,'EMAIL','en','SBI','I','cmsadmin',to_timestamp('04-SEP-25 06.58.38.000000000 AM','DD-MON-RR HH.MI.SSXFF AM'));
Insert into NOTIFICATION.NOTIFICATION (NOTIFICATION_ID,EVENT_ID,NOTIFICATION_TEMPLATE_ID,COMMUNICATION_TC,LANGUAGE_CODE,TENANT_CODE,DML_TYPE,DML_BY,DML_ON) values (148,128,148,'EMAIL','en','SBI','I','cmsadmin',to_timestamp('04-SEP-25 07.03.48.000000000 AM','DD-MON-RR HH.MI.SSXFF AM'));
Insert into NOTIFICATION.NOTIFICATION (NOTIFICATION_ID,EVENT_ID,NOTIFICATION_TEMPLATE_ID,COMMUNICATION_TC,LANGUAGE_CODE,TENANT_CODE,DML_TYPE,DML_BY,DML_ON) values (22,25,22,'EMAIL',null,'SBI','I','cmsadmin',to_timestamp('28-AUG-25 12.20.25.000000000 PM','DD-MON-RR HH.MI.SSXFF AM'));
Insert into NOTIFICATION.NOTIFICATION (NOTIFICATION_ID,EVENT_ID,NOTIFICATION_TEMPLATE_ID,COMMUNICATION_TC,LANGUAGE_CODE,TENANT_CODE,DML_TYPE,DML_BY,DML_ON) values (23,26,23,'EMAIL',null,'SBI','I','cmsadmin',to_timestamp('28-AUG-25 12.20.40.000000000 PM','DD-MON-RR HH.MI.SSXFF AM'));
Insert into NOTIFICATION.NOTIFICATION (NOTIFICATION_ID,EVENT_ID,NOTIFICATION_TEMPLATE_ID,COMMUNICATION_TC,LANGUAGE_CODE,TENANT_CODE,DML_TYPE,DML_BY,DML_ON) values (24,27,24,'EMAIL',null,'SBI','I','cmsadmin',to_timestamp('28-AUG-25 12.21.44.000000000 PM','DD-MON-RR HH.MI.SSXFF AM'));
Insert into NOTIFICATION.NOTIFICATION (NOTIFICATION_ID,EVENT_ID,NOTIFICATION_TEMPLATE_ID,COMMUNICATION_TC,LANGUAGE_CODE,TENANT_CODE,DML_TYPE,DML_BY,DML_ON) values (25,28,25,'EMAIL',null,'SBI','I','cmsadmin',to_timestamp('28-AUG-25 12.23.30.000000000 PM','DD-MON-RR HH.MI.SSXFF AM'));
Insert into NOTIFICATION.NOTIFICATION (NOTIFICATION_ID,EVENT_ID,NOTIFICATION_TEMPLATE_ID,COMMUNICATION_TC,LANGUAGE_CODE,TENANT_CODE,DML_TYPE,DML_BY,DML_ON) values (26,29,26,'EMAIL',null,'SBI','I','cmsadmin',to_timestamp('28-AUG-25 12.24.57.000000000 PM','DD-MON-RR HH.MI.SSXFF AM'));
Insert into NOTIFICATION.NOTIFICATION (NOTIFICATION_ID,EVENT_ID,NOTIFICATION_TEMPLATE_ID,COMMUNICATION_TC,LANGUAGE_CODE,TENANT_CODE,DML_TYPE,DML_BY,DML_ON) values (27,30,27,'EMAIL',null,'SBI','I','cmsadmin',to_timestamp('28-AUG-25 12.28.57.000000000 PM','DD-MON-RR HH.MI.SSXFF AM'));
Insert into NOTIFICATION.NOTIFICATION (NOTIFICATION_ID,EVENT_ID,NOTIFICATION_TEMPLATE_ID,COMMUNICATION_TC,LANGUAGE_CODE,TENANT_CODE,DML_TYPE,DML_BY,DML_ON) values (28,31,28,'EMAIL',null,'SBI','I','cmsadmin',to_timestamp('28-AUG-25 12.29.11.000000000 PM','DD-MON-RR HH.MI.SSXFF AM'));
Insert into NOTIFICATION.NOTIFICATION (NOTIFICATION_ID,EVENT_ID,NOTIFICATION_TEMPLATE_ID,COMMUNICATION_TC,LANGUAGE_CODE,TENANT_CODE,DML_TYPE,DML_BY,DML_ON) values (29,32,29,'EMAIL',null,'SBI','I','cmsadmin',to_timestamp('28-AUG-25 12.29.17.000000000 PM','DD-MON-RR HH.MI.SSXFF AM'));
Insert into NOTIFICATION.NOTIFICATION (NOTIFICATION_ID,EVENT_ID,NOTIFICATION_TEMPLATE_ID,COMMUNICATION_TC,LANGUAGE_CODE,TENANT_CODE,DML_TYPE,DML_BY,DML_ON) values (30,33,30,'EMAIL',null,'SBI','I','cmsadmin',to_timestamp('28-AUG-25 12.56.46.000000000 PM','DD-MON-RR HH.MI.SSXFF AM'));
Insert into NOTIFICATION.NOTIFICATION (NOTIFICATION_ID,EVENT_ID,NOTIFICATION_TEMPLATE_ID,COMMUNICATION_TC,LANGUAGE_CODE,TENANT_CODE,DML_TYPE,DML_BY,DML_ON) values (31,33,31,'SMS',null,'SBI','I','cmsadmin',to_timestamp('28-AUG-25 12.56.47.000000000 PM','DD-MON-RR HH.MI.SSXFF AM'));
Insert into NOTIFICATION.NOTIFICATION (NOTIFICATION_ID,EVENT_ID,NOTIFICATION_TEMPLATE_ID,COMMUNICATION_TC,LANGUAGE_CODE,TENANT_CODE,DML_TYPE,DML_BY,DML_ON) values (32,34,32,'SMS',null,'SBI','I','cmsadmin',to_timestamp('28-AUG-25 12.56.55.000000000 PM','DD-MON-RR HH.MI.SSXFF AM'));
Insert into NOTIFICATION.NOTIFICATION (NOTIFICATION_ID,EVENT_ID,NOTIFICATION_TEMPLATE_ID,COMMUNICATION_TC,LANGUAGE_CODE,TENANT_CODE,DML_TYPE,DML_BY,DML_ON) values (33,34,33,'EMAIL',null,'SBI','I','cmsadmin',to_timestamp('28-AUG-25 12.56.56.000000000 PM','DD-MON-RR HH.MI.SSXFF AM'));
Insert into NOTIFICATION.NOTIFICATION (NOTIFICATION_ID,EVENT_ID,NOTIFICATION_TEMPLATE_ID,COMMUNICATION_TC,LANGUAGE_CODE,TENANT_CODE,DML_TYPE,DML_BY,DML_ON) values (34,35,34,'EMAIL',null,'SBI','I','cmsadmin',to_timestamp('28-AUG-25 12.57.57.000000000 PM','DD-MON-RR HH.MI.SSXFF AM'));
Insert into NOTIFICATION.NOTIFICATION (NOTIFICATION_ID,EVENT_ID,NOTIFICATION_TEMPLATE_ID,COMMUNICATION_TC,LANGUAGE_CODE,TENANT_CODE,DML_TYPE,DML_BY,DML_ON) values (35,35,35,'SMS',null,'SBI','I','cmsadmin',to_timestamp('28-AUG-25 12.57.58.000000000 PM','DD-MON-RR HH.MI.SSXFF AM'));
Insert into NOTIFICATION.NOTIFICATION (NOTIFICATION_ID,EVENT_ID,NOTIFICATION_TEMPLATE_ID,COMMUNICATION_TC,LANGUAGE_CODE,TENANT_CODE,DML_TYPE,DML_BY,DML_ON) values (36,36,36,'EMAIL',null,'SBI','I','cmsadmin',to_timestamp('28-AUG-25 12.58.11.000000000 PM','DD-MON-RR HH.MI.SSXFF AM'));
Insert into NOTIFICATION.NOTIFICATION (NOTIFICATION_ID,EVENT_ID,NOTIFICATION_TEMPLATE_ID,COMMUNICATION_TC,LANGUAGE_CODE,TENANT_CODE,DML_TYPE,DML_BY,DML_ON) values (37,36,37,'SMS',null,'SBI','I','cmsadmin',to_timestamp('28-AUG-25 12.58.12.000000000 PM','DD-MON-RR HH.MI.SSXFF AM'));
Insert into NOTIFICATION.NOTIFICATION (NOTIFICATION_ID,EVENT_ID,NOTIFICATION_TEMPLATE_ID,COMMUNICATION_TC,LANGUAGE_CODE,TENANT_CODE,DML_TYPE,DML_BY,DML_ON) values (38,37,38,'EMAIL',null,'SBI','I','cmsadmin',to_timestamp('28-AUG-25 12.58.24.000000000 PM','DD-MON-RR HH.MI.SSXFF AM'));
Insert into NOTIFICATION.NOTIFICATION (NOTIFICATION_ID,EVENT_ID,NOTIFICATION_TEMPLATE_ID,COMMUNICATION_TC,LANGUAGE_CODE,TENANT_CODE,DML_TYPE,DML_BY,DML_ON) values (39,37,39,'SMS',null,'SBI','I','cmsadmin',to_timestamp('28-AUG-25 12.58.25.000000000 PM','DD-MON-RR HH.MI.SSXFF AM'));
Insert into NOTIFICATION.NOTIFICATION (NOTIFICATION_ID,EVENT_ID,NOTIFICATION_TEMPLATE_ID,COMMUNICATION_TC,LANGUAGE_CODE,TENANT_CODE,DML_TYPE,DML_BY,DML_ON) values (40,38,40,'EMAIL',null,'SBI','I','cmsadmin',to_timestamp('28-AUG-25 12.58.39.000000000 PM','DD-MON-RR HH.MI.SSXFF AM'));
Insert into NOTIFICATION.NOTIFICATION (NOTIFICATION_ID,EVENT_ID,NOTIFICATION_TEMPLATE_ID,COMMUNICATION_TC,LANGUAGE_CODE,TENANT_CODE,DML_TYPE,DML_BY,DML_ON) values (41,38,41,'SMS',null,'SBI','I','cmsadmin',to_timestamp('28-AUG-25 12.58.40.000000000 PM','DD-MON-RR HH.MI.SSXFF AM'));
Insert into NOTIFICATION.NOTIFICATION (NOTIFICATION_ID,EVENT_ID,NOTIFICATION_TEMPLATE_ID,COMMUNICATION_TC,LANGUAGE_CODE,TENANT_CODE,DML_TYPE,DML_BY,DML_ON) values (107,87,107,'EMAIL','en','SBI','I','cmsadmin',to_timestamp('01-SEP-25 10.36.13.000000000 AM','DD-MON-RR HH.MI.SSXFF AM'));
Insert into NOTIFICATION.NOTIFICATION (NOTIFICATION_ID,EVENT_ID,NOTIFICATION_TEMPLATE_ID,COMMUNICATION_TC,LANGUAGE_CODE,TENANT_CODE,DML_TYPE,DML_BY,DML_ON) values (108,87,108,'SMS','en','SBI','I','cmsadmin',to_timestamp('01-SEP-25 10.36.14.000000000 AM','DD-MON-RR HH.MI.SSXFF AM'));
Insert into NOTIFICATION.NOTIFICATION (NOTIFICATION_ID,EVENT_ID,NOTIFICATION_TEMPLATE_ID,COMMUNICATION_TC,LANGUAGE_CODE,TENANT_CODE,DML_TYPE,DML_BY,DML_ON) values (109,88,109,'EMAIL','en','SBI','I','cmsadmin',to_timestamp('01-SEP-25 10.36.20.000000000 AM','DD-MON-RR HH.MI.SSXFF AM'));
Insert into NOTIFICATION.NOTIFICATION (NOTIFICATION_ID,EVENT_ID,NOTIFICATION_TEMPLATE_ID,COMMUNICATION_TC,LANGUAGE_CODE,TENANT_CODE,DML_TYPE,DML_BY,DML_ON) values (110,89,110,'EMAIL','en','SBI','I','cmsadmin',to_timestamp('01-SEP-25 10.36.28.000000000 AM','DD-MON-RR HH.MI.SSXFF AM'));
Insert into NOTIFICATION.NOTIFICATION (NOTIFICATION_ID,EVENT_ID,NOTIFICATION_TEMPLATE_ID,COMMUNICATION_TC,LANGUAGE_CODE,TENANT_CODE,DML_TYPE,DML_BY,DML_ON) values (129,108,129,'SMS','en','SBI','I','cmsadmin',to_timestamp('02-SEP-25 06.44.11.000000000 AM','DD-MON-RR HH.MI.SSXFF AM'));
Insert into NOTIFICATION.NOTIFICATION (NOTIFICATION_ID,EVENT_ID,NOTIFICATION_TEMPLATE_ID,COMMUNICATION_TC,LANGUAGE_CODE,TENANT_CODE,DML_TYPE,DML_BY,DML_ON) values (130,108,130,'EMAIL','en','SBI','I','cmsadmin',to_timestamp('02-SEP-25 06.44.12.000000000 AM','DD-MON-RR HH.MI.SSXFF AM'));
Insert into NOTIFICATION.NOTIFICATION (NOTIFICATION_ID,EVENT_ID,NOTIFICATION_TEMPLATE_ID,COMMUNICATION_TC,LANGUAGE_CODE,TENANT_CODE,DML_TYPE,DML_BY,DML_ON) values (133,110,133,'EMAIL','en','SBI','I','cmsadmin',to_timestamp('02-SEP-25 09.10.35.000000000 AM','DD-MON-RR HH.MI.SSXFF AM'));
Insert into NOTIFICATION.NOTIFICATION (NOTIFICATION_ID,EVENT_ID,NOTIFICATION_TEMPLATE_ID,COMMUNICATION_TC,LANGUAGE_CODE,TENANT_CODE,DML_TYPE,DML_BY,DML_ON) values (131,109,131,'EMAIL','en','SBI','I','cmsadmin',to_timestamp('02-SEP-25 09.10.27.000000000 AM','DD-MON-RR HH.MI.SSXFF AM'));
Insert into NOTIFICATION.NOTIFICATION (NOTIFICATION_ID,EVENT_ID,NOTIFICATION_TEMPLATE_ID,COMMUNICATION_TC,LANGUAGE_CODE,TENANT_CODE,DML_TYPE,DML_BY,DML_ON) values (132,109,132,'SMS','en','SBI','I','cmsadmin',to_timestamp('02-SEP-25 09.10.28.000000000 AM','DD-MON-RR HH.MI.SSXFF AM'));
Insert into NOTIFICATION.NOTIFICATION (NOTIFICATION_ID,EVENT_ID,NOTIFICATION_TEMPLATE_ID,COMMUNICATION_TC,LANGUAGE_CODE,TENANT_CODE,DML_TYPE,DML_BY,DML_ON) values (134,110,134,'SMS','en','SBI','I','cmsadmin',to_timestamp('02-SEP-25 09.10.36.000000000 AM','DD-MON-RR HH.MI.SSXFF AM'));
Insert into NOTIFICATION.NOTIFICATION (NOTIFICATION_ID,EVENT_ID,NOTIFICATION_TEMPLATE_ID,COMMUNICATION_TC,LANGUAGE_CODE,TENANT_CODE,DML_TYPE,DML_BY,DML_ON) values (135,111,135,'EMAIL','en','SBI','I','cmsadmin',to_timestamp('02-SEP-25 09.10.44.000000000 AM','DD-MON-RR HH.MI.SSXFF AM'));
Insert into NOTIFICATION.NOTIFICATION (NOTIFICATION_ID,EVENT_ID,NOTIFICATION_TEMPLATE_ID,COMMUNICATION_TC,LANGUAGE_CODE,TENANT_CODE,DML_TYPE,DML_BY,DML_ON) values (136,111,136,'SMS','en','SBI','I','cmsadmin',to_timestamp('02-SEP-25 09.10.45.000000000 AM','DD-MON-RR HH.MI.SSXFF AM'));
Insert into NOTIFICATION.NOTIFICATION (NOTIFICATION_ID,EVENT_ID,NOTIFICATION_TEMPLATE_ID,COMMUNICATION_TC,LANGUAGE_CODE,TENANT_CODE,DML_TYPE,DML_BY,DML_ON) values (137,112,137,'EMAIL','en','SBI','I','cmsadmin',to_timestamp('02-SEP-25 09.10.51.000000000 AM','DD-MON-RR HH.MI.SSXFF AM'));
Insert into NOTIFICATION.NOTIFICATION (NOTIFICATION_ID,EVENT_ID,NOTIFICATION_TEMPLATE_ID,COMMUNICATION_TC,LANGUAGE_CODE,TENANT_CODE,DML_TYPE,DML_BY,DML_ON) values (138,112,138,'SMS','en','SBI','I','cmsadmin',to_timestamp('02-SEP-25 09.10.52.000000000 AM','DD-MON-RR HH.MI.SSXFF AM'));
Insert into NOTIFICATION.NOTIFICATION (NOTIFICATION_ID,EVENT_ID,NOTIFICATION_TEMPLATE_ID,COMMUNICATION_TC,LANGUAGE_CODE,TENANT_CODE,DML_TYPE,DML_BY,DML_ON) values (149,129,149,'EMAIL','en','SBI','I','cmsadmin',to_timestamp('04-SEP-25 08.15.24.000000000 AM','DD-MON-RR HH.MI.SSXFF AM'));
Insert into NOTIFICATION.NOTIFICATION (NOTIFICATION_ID,EVENT_ID,NOTIFICATION_TEMPLATE_ID,COMMUNICATION_TC,LANGUAGE_CODE,TENANT_CODE,DML_TYPE,DML_BY,DML_ON) values (150,130,150,'EMAIL','en','SBI','I','cmsadmin',to_timestamp('04-SEP-25 08.15.30.000000000 AM','DD-MON-RR HH.MI.SSXFF AM'));
Insert into NOTIFICATION.NOTIFICATION (NOTIFICATION_ID,EVENT_ID,NOTIFICATION_TEMPLATE_ID,COMMUNICATION_TC,LANGUAGE_CODE,TENANT_CODE,DML_TYPE,DML_BY,DML_ON) values (151,131,151,'EMAIL','en','SBI','I','cmsadmin',to_timestamp('04-SEP-25 08.15.36.000000000 AM','DD-MON-RR HH.MI.SSXFF AM'));
Insert into NOTIFICATION.NOTIFICATION (NOTIFICATION_ID,EVENT_ID,NOTIFICATION_TEMPLATE_ID,COMMUNICATION_TC,LANGUAGE_CODE,TENANT_CODE,DML_TYPE,DML_BY,DML_ON) values (152,132,152,'EMAIL','en','SBI','I','cmsadmin',to_timestamp('04-SEP-25 08.15.42.000000000 AM','DD-MON-RR HH.MI.SSXFF AM'));
Insert into NOTIFICATION.NOTIFICATION (NOTIFICATION_ID,EVENT_ID,NOTIFICATION_TEMPLATE_ID,COMMUNICATION_TC,LANGUAGE_CODE,TENANT_CODE,DML_TYPE,DML_BY,DML_ON) values (153,133,153,'EMAIL','en','SBI','I','cmsadmin',to_timestamp('04-SEP-25 08.26.06.000000000 AM','DD-MON-RR HH.MI.SSXFF AM'));
Insert into NOTIFICATION.NOTIFICATION (NOTIFICATION_ID,EVENT_ID,NOTIFICATION_TEMPLATE_ID,COMMUNICATION_TC,LANGUAGE_CODE,TENANT_CODE,DML_TYPE,DML_BY,DML_ON) values (154,134,154,'EMAIL','en','SBI','I','cmsadmin',to_timestamp('04-SEP-25 12.20.56.000000000 PM','DD-MON-RR HH.MI.SSXFF AM'));
Insert into NOTIFICATION.NOTIFICATION (NOTIFICATION_ID,EVENT_ID,NOTIFICATION_TEMPLATE_ID,COMMUNICATION_TC,LANGUAGE_CODE,TENANT_CODE,DML_TYPE,DML_BY,DML_ON) values (155,135,155,'EMAIL','en','SBI','I','cmsadmin',to_timestamp('04-SEP-25 12.22.57.000000000 PM','DD-MON-RR HH.MI.SSXFF AM'));
Insert into NOTIFICATION.NOTIFICATION (NOTIFICATION_ID,EVENT_ID,NOTIFICATION_TEMPLATE_ID,COMMUNICATION_TC,LANGUAGE_CODE,TENANT_CODE,DML_TYPE,DML_BY,DML_ON) values (156,136,156,'EMAIL','en','SBI','I','cmsadmin',to_timestamp('04-SEP-25 12.23.26.000000000 PM','DD-MON-RR HH.MI.SSXFF AM'));
Insert into NOTIFICATION.NOTIFICATION (NOTIFICATION_ID,EVENT_ID,NOTIFICATION_TEMPLATE_ID,COMMUNICATION_TC,LANGUAGE_CODE,TENANT_CODE,DML_TYPE,DML_BY,DML_ON) values (179,159,179,'EMAIL','en','SBI','U','cmsadmin',to_timestamp('05-SEP-25 06.27.24.000000000 AM','DD-MON-RR HH.MI.SSXFF AM'));
Insert into NOTIFICATION.NOTIFICATION (NOTIFICATION_ID,EVENT_ID,NOTIFICATION_TEMPLATE_ID,COMMUNICATION_TC,LANGUAGE_CODE,TENANT_CODE,DML_TYPE,DML_BY,DML_ON) values (81,61,81,'EMAIL',null,'SBI','I','cmsadmin',to_timestamp('29-AUG-25 05.35.55.000000000 AM','DD-MON-RR HH.MI.SSXFF AM'));
Insert into NOTIFICATION.NOTIFICATION (NOTIFICATION_ID,EVENT_ID,NOTIFICATION_TEMPLATE_ID,COMMUNICATION_TC,LANGUAGE_CODE,TENANT_CODE,DML_TYPE,DML_BY,DML_ON) values (82,62,82,'EMAIL',null,'SBI','I','cmsadmin',to_timestamp('29-AUG-25 05.39.02.000000000 AM','DD-MON-RR HH.MI.SSXFF AM'));
Insert into NOTIFICATION.NOTIFICATION (NOTIFICATION_ID,EVENT_ID,NOTIFICATION_TEMPLATE_ID,COMMUNICATION_TC,LANGUAGE_CODE,TENANT_CODE,DML_TYPE,DML_BY,DML_ON) values (83,63,83,'EMAIL',null,'SBI','I','cmsadmin',to_timestamp('29-AUG-25 05.39.19.000000000 AM','DD-MON-RR HH.MI.SSXFF AM'));
Insert into NOTIFICATION.NOTIFICATION (NOTIFICATION_ID,EVENT_ID,NOTIFICATION_TEMPLATE_ID,COMMUNICATION_TC,LANGUAGE_CODE,TENANT_CODE,DML_TYPE,DML_BY,DML_ON) values (84,64,84,'EMAIL',null,'SBI','I','cmsadmin',to_timestamp('29-AUG-25 05.39.26.000000000 AM','DD-MON-RR HH.MI.SSXFF AM'));
Insert into NOTIFICATION.NOTIFICATION (NOTIFICATION_ID,EVENT_ID,NOTIFICATION_TEMPLATE_ID,COMMUNICATION_TC,LANGUAGE_CODE,TENANT_CODE,DML_TYPE,DML_BY,DML_ON) values (85,65,85,'EMAIL',null,'SBI','I','cmsadmin',to_timestamp('29-AUG-25 05.39.33.000000000 AM','DD-MON-RR HH.MI.SSXFF AM'));
Insert into NOTIFICATION.NOTIFICATION (NOTIFICATION_ID,EVENT_ID,NOTIFICATION_TEMPLATE_ID,COMMUNICATION_TC,LANGUAGE_CODE,TENANT_CODE,DML_TYPE,DML_BY,DML_ON) values (86,66,86,'EMAIL',null,'SBI','I','cmsadmin',to_timestamp('29-AUG-25 05.39.40.000000000 AM','DD-MON-RR HH.MI.SSXFF AM'));
Insert into NOTIFICATION.NOTIFICATION (NOTIFICATION_ID,EVENT_ID,NOTIFICATION_TEMPLATE_ID,COMMUNICATION_TC,LANGUAGE_CODE,TENANT_CODE,DML_TYPE,DML_BY,DML_ON) values (87,67,87,'EMAIL',null,'SBI','I','cmsadmin',to_timestamp('29-AUG-25 06.49.38.000000000 AM','DD-MON-RR HH.MI.SSXFF AM'));
Insert into NOTIFICATION.NOTIFICATION (NOTIFICATION_ID,EVENT_ID,NOTIFICATION_TEMPLATE_ID,COMMUNICATION_TC,LANGUAGE_CODE,TENANT_CODE,DML_TYPE,DML_BY,DML_ON) values (88,68,88,'EMAIL',null,'SBI','I','cmsadmin',to_timestamp('29-AUG-25 06.49.45.000000000 AM','DD-MON-RR HH.MI.SSXFF AM'));
Insert into NOTIFICATION.NOTIFICATION (NOTIFICATION_ID,EVENT_ID,NOTIFICATION_TEMPLATE_ID,COMMUNICATION_TC,LANGUAGE_CODE,TENANT_CODE,DML_TYPE,DML_BY,DML_ON) values (63,42,63,'EMAIL',null,'SBI','I','cmsadmin',to_timestamp('28-AUG-25 02.46.13.000000000 PM','DD-MON-RR HH.MI.SSXFF AM'));
Insert into NOTIFICATION.NOTIFICATION (NOTIFICATION_ID,EVENT_ID,NOTIFICATION_TEMPLATE_ID,COMMUNICATION_TC,LANGUAGE_CODE,TENANT_CODE,DML_TYPE,DML_BY,DML_ON) values (64,43,64,'EMAIL',null,'SBI','I','cmsadmin',to_timestamp('28-AUG-25 02.46.21.000000000 PM','DD-MON-RR HH.MI.SSXFF AM'));
Insert into NOTIFICATION.NOTIFICATION (NOTIFICATION_ID,EVENT_ID,NOTIFICATION_TEMPLATE_ID,COMMUNICATION_TC,LANGUAGE_CODE,TENANT_CODE,DML_TYPE,DML_BY,DML_ON) values (157,137,157,'EMAIL','en','SBI','I','cmsadmin',to_timestamp('04-SEP-25 12.27.53.000000000 PM','DD-MON-RR HH.MI.SSXFF AM'));
Insert into NOTIFICATION.NOTIFICATION (NOTIFICATION_ID,EVENT_ID,NOTIFICATION_TEMPLATE_ID,COMMUNICATION_TC,LANGUAGE_CODE,TENANT_CODE,DML_TYPE,DML_BY,DML_ON) values (158,138,158,'EMAIL','en','SBI','I','cmsadmin',to_timestamp('04-SEP-25 12.29.51.000000000 PM','DD-MON-RR HH.MI.SSXFF AM'));
Insert into NOTIFICATION.NOTIFICATION (NOTIFICATION_ID,EVENT_ID,NOTIFICATION_TEMPLATE_ID,COMMUNICATION_TC,LANGUAGE_CODE,TENANT_CODE,DML_TYPE,DML_BY,DML_ON) values (159,139,159,'EMAIL','en','SBI','I','cmsadmin',to_timestamp('04-SEP-25 12.30.03.000000000 PM','DD-MON-RR HH.MI.SSXFF AM'));
Insert into NOTIFICATION.NOTIFICATION (NOTIFICATION_ID,EVENT_ID,NOTIFICATION_TEMPLATE_ID,COMMUNICATION_TC,LANGUAGE_CODE,TENANT_CODE,DML_TYPE,DML_BY,DML_ON) values (160,140,160,'EMAIL','en','SBI','I','cmsadmin',to_timestamp('04-SEP-25 12.30.08.000000000 PM','DD-MON-RR HH.MI.SSXFF AM'));
Insert into NOTIFICATION.NOTIFICATION (NOTIFICATION_ID,EVENT_ID,NOTIFICATION_TEMPLATE_ID,COMMUNICATION_TC,LANGUAGE_CODE,TENANT_CODE,DML_TYPE,DML_BY,DML_ON) values (161,141,161,'EMAIL','en','SBI','I','cmsadmin',to_timestamp('04-SEP-25 12.30.13.000000000 PM','DD-MON-RR HH.MI.SSXFF AM'));
Insert into NOTIFICATION.NOTIFICATION (NOTIFICATION_ID,EVENT_ID,NOTIFICATION_TEMPLATE_ID,COMMUNICATION_TC,LANGUAGE_CODE,TENANT_CODE,DML_TYPE,DML_BY,DML_ON) values (162,142,162,'EMAIL','en','SBI','I','cmsadmin',to_timestamp('04-SEP-25 12.30.18.000000000 PM','DD-MON-RR HH.MI.SSXFF AM'));
Insert into NOTIFICATION.NOTIFICATION (NOTIFICATION_ID,EVENT_ID,NOTIFICATION_TEMPLATE_ID,COMMUNICATION_TC,LANGUAGE_CODE,TENANT_CODE,DML_TYPE,DML_BY,DML_ON) values (163,143,163,'EMAIL','en','SBI','I','cmsadmin',to_timestamp('04-SEP-25 12.30.23.000000000 PM','DD-MON-RR HH.MI.SSXFF AM'));
Insert into NOTIFICATION.NOTIFICATION (NOTIFICATION_ID,EVENT_ID,NOTIFICATION_TEMPLATE_ID,COMMUNICATION_TC,LANGUAGE_CODE,TENANT_CODE,DML_TYPE,DML_BY,DML_ON) values (164,144,164,'EMAIL','en','SBI','I','cmsadmin',to_timestamp('04-SEP-25 12.30.28.000000000 PM','DD-MON-RR HH.MI.SSXFF AM'));
Insert into NOTIFICATION.NOTIFICATION (NOTIFICATION_ID,EVENT_ID,NOTIFICATION_TEMPLATE_ID,COMMUNICATION_TC,LANGUAGE_CODE,TENANT_CODE,DML_TYPE,DML_BY,DML_ON) values (165,145,165,'EMAIL','en','SBI','I','cmsadmin',to_timestamp('04-SEP-25 12.30.33.000000000 PM','DD-MON-RR HH.MI.SSXFF AM'));
Insert into NOTIFICATION.NOTIFICATION (NOTIFICATION_ID,EVENT_ID,NOTIFICATION_TEMPLATE_ID,COMMUNICATION_TC,LANGUAGE_CODE,TENANT_CODE,DML_TYPE,DML_BY,DML_ON) values (166,146,166,'EMAIL','en','SBI','I','cmsadmin',to_timestamp('04-SEP-25 12.30.43.000000000 PM','DD-MON-RR HH.MI.SSXFF AM'));
Insert into NOTIFICATION.NOTIFICATION (NOTIFICATION_ID,EVENT_ID,NOTIFICATION_TEMPLATE_ID,COMMUNICATION_TC,LANGUAGE_CODE,TENANT_CODE,DML_TYPE,DML_BY,DML_ON) values (167,147,167,'EMAIL','en','SBI','I','cmsadmin',to_timestamp('04-SEP-25 12.30.51.000000000 PM','DD-MON-RR HH.MI.SSXFF AM'));
Insert into NOTIFICATION.NOTIFICATION (NOTIFICATION_ID,EVENT_ID,NOTIFICATION_TEMPLATE_ID,COMMUNICATION_TC,LANGUAGE_CODE,TENANT_CODE,DML_TYPE,DML_BY,DML_ON) values (168,148,168,'EMAIL','en','SBI','I','cmsadmin',to_timestamp('04-SEP-25 12.30.59.000000000 PM','DD-MON-RR HH.MI.SSXFF AM'));
Insert into NOTIFICATION.NOTIFICATION (NOTIFICATION_ID,EVENT_ID,NOTIFICATION_TEMPLATE_ID,COMMUNICATION_TC,LANGUAGE_CODE,TENANT_CODE,DML_TYPE,DML_BY,DML_ON) values (169,149,169,'EMAIL','en','SBI','I','cmsadmin',to_timestamp('04-SEP-25 12.31.13.000000000 PM','DD-MON-RR HH.MI.SSXFF AM'));
Insert into NOTIFICATION.NOTIFICATION (NOTIFICATION_ID,EVENT_ID,NOTIFICATION_TEMPLATE_ID,COMMUNICATION_TC,LANGUAGE_CODE,TENANT_CODE,DML_TYPE,DML_BY,DML_ON) values (170,150,170,'EMAIL','en','SBI','I','cmsadmin',to_timestamp('04-SEP-25 12.31.20.000000000 PM','DD-MON-RR HH.MI.SSXFF AM'));
Insert into NOTIFICATION.NOTIFICATION (NOTIFICATION_ID,EVENT_ID,NOTIFICATION_TEMPLATE_ID,COMMUNICATION_TC,LANGUAGE_CODE,TENANT_CODE,DML_TYPE,DML_BY,DML_ON) values (171,151,171,'EMAIL','en','SBI','I','cmsadmin',to_timestamp('04-SEP-25 12.31.28.000000000 PM','DD-MON-RR HH.MI.SSXFF AM'));
Insert into NOTIFICATION.NOTIFICATION (NOTIFICATION_ID,EVENT_ID,NOTIFICATION_TEMPLATE_ID,COMMUNICATION_TC,LANGUAGE_CODE,TENANT_CODE,DML_TYPE,DML_BY,DML_ON) values (172,152,172,'EMAIL','en','SBI','I','cmsadmin',to_timestamp('04-SEP-25 12.31.34.000000000 PM','DD-MON-RR HH.MI.SSXFF AM'));
Insert into NOTIFICATION.NOTIFICATION (NOTIFICATION_ID,EVENT_ID,NOTIFICATION_TEMPLATE_ID,COMMUNICATION_TC,LANGUAGE_CODE,TENANT_CODE,DML_TYPE,DML_BY,DML_ON) values (61,41,61,'EMAIL',null,'SBI','I','cmsadmin',to_timestamp('28-AUG-25 02.41.40.000000000 PM','DD-MON-RR HH.MI.SSXFF AM'));
Insert into NOTIFICATION.NOTIFICATION (NOTIFICATION_ID,EVENT_ID,NOTIFICATION_TEMPLATE_ID,COMMUNICATION_TC,LANGUAGE_CODE,TENANT_CODE,DML_TYPE,DML_BY,DML_ON) values (62,41,62,'SMS',null,'SBI','I','cmsadmin',to_timestamp('28-AUG-25 02.41.42.000000000 PM','DD-MON-RR HH.MI.SSXFF AM'));
Insert into NOTIFICATION.NOTIFICATION (NOTIFICATION_ID,EVENT_ID,NOTIFICATION_TEMPLATE_ID,COMMUNICATION_TC,LANGUAGE_CODE,TENANT_CODE,DML_TYPE,DML_BY,DML_ON) values (173,153,173,'EMAIL','en','SBI','I','cmsadmin',to_timestamp('04-SEP-25 12.31.41.000000000 PM','DD-MON-RR HH.MI.SSXFF AM'));
Insert into NOTIFICATION.NOTIFICATION (NOTIFICATION_ID,EVENT_ID,NOTIFICATION_TEMPLATE_ID,COMMUNICATION_TC,LANGUAGE_CODE,TENANT_CODE,DML_TYPE,DML_BY,DML_ON) values (174,154,174,'EMAIL','en','SBI','I','cmsadmin',to_timestamp('04-SEP-25 12.31.48.000000000 PM','DD-MON-RR HH.MI.SSXFF AM'));
Insert into NOTIFICATION.NOTIFICATION (NOTIFICATION_ID,EVENT_ID,NOTIFICATION_TEMPLATE_ID,COMMUNICATION_TC,LANGUAGE_CODE,TENANT_CODE,DML_TYPE,DML_BY,DML_ON) values (175,155,175,'EMAIL','en','SBI','I','cmsadmin',to_timestamp('04-SEP-25 12.31.55.000000000 PM','DD-MON-RR HH.MI.SSXFF AM'));
Insert into NOTIFICATION.NOTIFICATION (NOTIFICATION_ID,EVENT_ID,NOTIFICATION_TEMPLATE_ID,COMMUNICATION_TC,LANGUAGE_CODE,TENANT_CODE,DML_TYPE,DML_BY,DML_ON) values (176,156,176,'EMAIL','en','SBI','I','cmsadmin',to_timestamp('04-SEP-25 12.32.00.000000000 PM','DD-MON-RR HH.MI.SSXFF AM'));
Insert into NOTIFICATION.NOTIFICATION (NOTIFICATION_ID,EVENT_ID,NOTIFICATION_TEMPLATE_ID,COMMUNICATION_TC,LANGUAGE_CODE,TENANT_CODE,DML_TYPE,DML_BY,DML_ON) values (177,157,177,'EMAIL','en','SBI','I','cmsadmin',to_timestamp('04-SEP-25 12.32.06.000000000 PM','DD-MON-RR HH.MI.SSXFF AM'));
Insert into NOTIFICATION.NOTIFICATION (NOTIFICATION_ID,EVENT_ID,NOTIFICATION_TEMPLATE_ID,COMMUNICATION_TC,LANGUAGE_CODE,TENANT_CODE,DML_TYPE,DML_BY,DML_ON) values (178,158,178,'EMAIL','en','SBI','I','cmsadmin',to_timestamp('04-SEP-25 12.32.11.000000000 PM','DD-MON-RR HH.MI.SSXFF AM'));
REM INSERTING into NOTIFICATION.NOTIFICATION_LOG
SET DEFINE OFF;
REM INSERTING into NOTIFICATION.NOTIFICATION_TEMPLATE
SET DEFINE OFF;
Insert into NOTIFICATION_TEMPLATE (NOTIFICATION_TEMPLATE_ID,TEMPLATE_CODE,TEMPLATE_NAME,TEMPLATE_SUBJECT,TEMPLATE,TENANT_CODE,DML_TYPE,DML_BY,DML_ON) values (22,'ET0396','ET0396','Card Manufacturer Request Notification By Maker','Hello, A {entityData.dmlType} configuration request has been submitted by {entityData.dmlBy} for Card Manufacturer on {entityData.dmlOn} and is awaiting for approval.','SBI','I','cmsadmin',to_timestamp('28-AUG-25 12.20.25.011911000 PM','DD-MON-RR HH.MI.SSXFF AM'));
Insert into NOTIFICATION_TEMPLATE (NOTIFICATION_TEMPLATE_ID,TEMPLATE_CODE,TEMPLATE_NAME,TEMPLATE_SUBJECT,TEMPLATE,TENANT_CODE,DML_TYPE,DML_BY,DML_ON) values (23,'ET0397','ET0397','Card Manufacturer Request Update Notification By Checker','Dear {entityData.dmlBy}, the {entityData.dmlType} configuration request which you submitted for Card Manufacturer screen has been {entityData.approvedTc} by {entityData.checkedBy} on {entityData.checkedOn}.','SBI','I','cmsadmin',to_timestamp('28-AUG-25 12.20.40.426733000 PM','DD-MON-RR HH.MI.SSXFF AM'));
Insert into NOTIFICATION_TEMPLATE (NOTIFICATION_TEMPLATE_ID,TEMPLATE_CODE,TEMPLATE_NAME,TEMPLATE_SUBJECT,TEMPLATE,TENANT_CODE,DML_TYPE,DML_BY,DML_ON) values (24,'ET0399','ET0399','ATM Exchange Rate to be Authorized','Hello, A {entityData.dmlType} configuration request has been submitted by {entityData.dmlBy} for ATM Exchange Rate on {entityData.dmlOn} and is awaiting for approval.','SBI','I','cmsadmin',to_timestamp('28-AUG-25 12.21.44.409661000 PM','DD-MON-RR HH.MI.SSXFF AM'));
Insert into NOTIFICATION_TEMPLATE (NOTIFICATION_TEMPLATE_ID,TEMPLATE_CODE,TEMPLATE_NAME,TEMPLATE_SUBJECT,TEMPLATE,TENANT_CODE,DML_TYPE,DML_BY,DML_ON) values (25,'ET0398','ET0398','ATM Exchange Rate to be Authorized','Hello, A {entityData.dmlType} configuration request has been submitted by {entityData.dmlBy} for ATM Exchange Rate on {entityData.dmlOn} and is awaiting for approval.','SBI','I','cmsadmin',to_timestamp('28-AUG-25 12.23.30.549591000 PM','DD-MON-RR HH.MI.SSXFF AM'));
Insert into NOTIFICATION_TEMPLATE (NOTIFICATION_TEMPLATE_ID,TEMPLATE_CODE,TEMPLATE_NAME,TEMPLATE_SUBJECT,TEMPLATE,TENANT_CODE,DML_TYPE,DML_BY,DML_ON) values (27,'ET0401','ET0401','ATM Exchange Rate not authorized',TO_CLOB(q'[<span style="color: rgb(41, 42, 46); font-family: &quot;Atlassian Sans&quot;, ui-sans-serif, -apple-system, BlinkMacSystemFont, &quot;Segoe UI&quot;, Ubuntu, &quot;Helvetica Neue&quot;, sans-serif; font-size: 16px;">ATM Exchange Rate is not authorized in </span><span data-highlighted="true" data-vc="highlighted-text" style="color: rgb(41, 42, 46); font-family: &quot;Atlassian Sans&quot;, ui-sans-serif, -apple-system, BlinkMacSystemFont, &quot;Segoe UI&quot;, Ubuntu, &quot;Helvetica Neue&quot;, s]')
|| TO_CLOB(q'[ans-serif; font-size: 16px;"><span class="_kqswh2mm" style="position: relative;"><span data-testid="definition-highlighter" class="_5pioz8co _189eyh40 _1il9buyh _19lcevot _d0altlke" style="border-image: linear-gradient(90deg, rgb(0, 101, 255), rgb(191, 99, 243), rgb(245, 230, 168)) 0 0 100% / 1 / 0 stretch; border-width: 2px; --_11qfq0e: solid;">DCMS</span></span></span><span style="color: rgb(41, 42, 46); font-family: &quot;Atlassian Sans&quot;, ui-sans-serif, -apple-system, BlinkMacSystemFont,]')
|| TO_CLOB(q'[ &quot;Segoe UI&quot;, Ubuntu, &quot;Helvetica Neue&quot;, sans-serif; font-size: 16px;"> Portal since {CurrencyMapping.alertLapsePeriod} </span><span style="color: rgb(41, 42, 46); font-family: &quot;Atlassian Sans&quot;, ui-sans-serif, -apple-system, BlinkMacSystemFont, &quot;Segoe UI&quot;, Ubuntu, &quot;Helvetica Neue&quot;, sans-serif; font-size: 16px;">days. Please take appropriate steps.&lt;br&gt;&lt;br&gt;&lt;br&gt;Regards,&lt;br&gt;</span><span data-highlighted="true" data-vc="highlight]')
|| TO_CLOB(q'[ed-text" style="color: rgb(41, 42, 46); font-family: &quot;Atlassian Sans&quot;, ui-sans-serif, -apple-system, BlinkMacSystemFont, &quot;Segoe UI&quot;, Ubuntu, &quot;Helvetica Neue&quot;, sans-serif; font-size: 16px;">DCMS</span><span style="color: rgb(41, 42, 46); font-family: &quot;Atlassian Sans&quot;, ui-sans-serif, -apple-system, BlinkMacSystemFont, &quot;Segoe UI&quot;, Ubuntu, &quot;Helvetica Neue&quot;, sans-serif; font-size: 16px;"> Team&lt;br&gt;</span><span data-highlighted="true" da]')
|| TO_CLOB(q'[ta-vc="highlighted-text" style="color: rgb(41, 42, 46); font-family: &quot;Atlassian Sans&quot;, ui-sans-serif, -apple-system, BlinkMacSystemFont, &quot;Segoe UI&quot;, Ubuntu, &quot;Helvetica Neue&quot;, sans-serif; font-size: 16px;"><span class="_kqswh2mm" style="position: relative;"><span data-testid="definition-highlighter" class="_5pioz8co _189eyh40 _1il9buyh _19lcevot _d0altlke" style="border-image: linear-gradient(90deg, rgb(0, 101, 255), rgb(191, 99, 243), rgb(245, 230, 168)) 0 0 100% / ]')
|| TO_CLOB(q'[1 / 0 stretch; border-width: 2px; --_11qfq0e: solid;">SBI</span></span></span><span style="color: rgb(41, 42, 46); font-family: &quot;Atlassian Sans&quot;, ui-sans-serif, -apple-system, BlinkMacSystemFont, &quot;Segoe UI&quot;, Ubuntu, &quot;Helvetica Neue&quot;, sans-serif; font-size: 16px;"> - ATM SWITCH CENTRE&lt;br&gt;BELAPUR </span><span data-highlighted="true" data-vc="highlighted-text" style="color: rgb(41, 42, 46); font-family: &quot;Atlassian Sans&quot;, ui-sans-serif, -apple-system, Bl]')
|| TO_CLOB(q'[inkMacSystemFont, &quot;Segoe UI&quot;, Ubuntu, &quot;Helvetica Neue&quot;, sans-serif; font-size: 16px;"><span class="_kqswh2mm" style="position: relative;"><span data-testid="definition-highlighter" class="_5pioz8co _189eyh40 _1il9buyh _19lcevot _d0altlke" style="border-image: linear-gradient(90deg, rgb(0, 101, 255), rgb(191, 99, 243), rgb(245, 230, 168)) 0 0 100% / 1 / 0 stretch; border-width: 2px; --_11qfq0e: solid;">GITC</span></span></span><span style="color: rgb(41, 42, 46); font-family: ]')
|| TO_CLOB(q'[&quot;Atlassian Sans&quot;, ui-sans-serif, -apple-system, BlinkMacSystemFont, &quot;Segoe UI&quot;, Ubuntu, &quot;Helvetica Neue&quot;, sans-serif; font-size: 16px;">, </span><span data-highlighted="true" data-vc="highlighted-text" style="color: rgb(41, 42, 46); font-family: &quot;Atlassian Sans&quot;, ui-sans-serif, -apple-system, BlinkMacSystemFont, &quot;Segoe UI&quot;, Ubuntu, &quot;Helvetica Neue&quot;, sans-serif; font-size: 16px;"><span class="_kqswh2mm" style="position: relative;"><span ]')
|| TO_CLOB(q'[data-testid="definition-highlighter" class="_5pioz8co _189eyh40 _1il9buyh _19lcevot _d0altlke" style="border-image: linear-gradient(90deg, rgb(0, 101, 255), rgb(191, 99, 243), rgb(245, 230, 168)) 0 0 100% / 1 / 0 stretch; border-width: 2px; --_11qfq0e: solid;">NAVI</span></span></span><span style="color: rgb(41, 42, 46); font-family: &quot;Atlassian Sans&quot;, ui-sans-serif, -apple-system, BlinkMacSystemFont, &quot;Segoe UI&quot;, Ubuntu, &quot;Helvetica Neue&quot;, sans-serif; font-size: 16px;]')
|| TO_CLOB(q'["> MUMBAI&lt;br&gt;Phone - 022 2757 6263&lt;br&gt;Mobile - 09833033447&lt;br&gt;Email ID - </span><a title="mailto:dcmsmgr@sbi.co.in" data-renderer-mark="true" href="mailto:dcmsmgr@sbi.co.in" data-is-router-link="false" class="_mizu1p6i _1ah31bk5 _ra3xnqa1 _128m1bk5 _1cvmnqa1 _4davt94y _4bfu18uv _1hms8stv _ajmmnqa1 _vchhusvi _kqswh2mm _syaz14q2 _ect41gqc _1a3b18uv _4fpr8stv _5goinqa1 _f8pj14q2 _9oik18uv _1bnxglyw _jf4cnqa1 _30l314q2 _1nrm18uv _c2waglyw _1iohnqa1 _9h8h16c2 _1053w7te _1ienw7te _n0]')
|| TO_CLOB(q'[fxw7te _1vhvg3x0" data-testid="link-with-safety" style="color: rgb(24, 104, 219); text-decoration-style: solid; position: relative; font-family: &quot;Atlassian Sans&quot;, ui-sans-serif, -apple-system, BlinkMacSystemFont, &quot;Segoe UI&quot;, Ubuntu, &quot;Helvetica Neue&quot;, sans-serif; font-size: 16px;">dcmsmgr@<span data-highlighted="true" data-vc="highlighted-text">sbi</span>.co.in</a>]'),'SBI','I','cmsadmin',to_timestamp('28-AUG-25 12.28.57.456182000 PM','DD-MON-RR HH.MI.SSXFF AM'));
Insert into NOTIFICATION_TEMPLATE (NOTIFICATION_TEMPLATE_ID,TEMPLATE_CODE,TEMPLATE_NAME,TEMPLATE_SUBJECT,TEMPLATE,TENANT_CODE,DML_TYPE,DML_BY,DML_ON) values (28,'ET0402','ET0402','ATM Exchange Rate not authorized',TO_CLOB(q'[<span style="color: rgb(41, 42, 46); font-family: &quot;Atlassian Sans&quot;, ui-sans-serif, -apple-system, BlinkMacSystemFont, &quot;Segoe UI&quot;, Ubuntu, &quot;Helvetica Neue&quot;, sans-serif; font-size: 16px;">ATM Exchange Rate is not authorized in </span><span data-highlighted="true" data-vc="highlighted-text" style="color: rgb(41, 42, 46); font-family: &quot;Atlassian Sans&quot;, ui-sans-serif, -apple-system, BlinkMacSystemFont, &quot;Segoe UI&quot;, Ubuntu, &quot;Helvetica Neue&quot;, s]')
|| TO_CLOB(q'[ans-serif; font-size: 16px;">DCMS</span><span style="color: rgb(41, 42, 46); font-family: &quot;Atlassian Sans&quot;, ui-sans-serif, -apple-system, BlinkMacSystemFont, &quot;Segoe UI&quot;, Ubuntu, &quot;Helvetica Neue&quot;, sans-serif; font-size: 16px;"> Portal since {CurrencyMapping.alertLapsePeriod}</span><span style="color: rgb(41, 42, 46); font-family: &quot;Atlassian Sans&quot;, ui-sans-serif, -apple-system, BlinkMacSystemFont, &quot;Segoe UI&quot;, Ubuntu, &quot;Helvetica Neue&quot;, san]')
|| TO_CLOB(q'[s-serif; font-size: 16px;"> days. Please take appropriate steps.&lt;br&gt;&lt;br&gt;&lt;br&gt;Regards,&lt;br&gt;</span><span data-highlighted="true" data-vc="highlighted-text" style="color: rgb(41, 42, 46); font-family: &quot;Atlassian Sans&quot;, ui-sans-serif, -apple-system, BlinkMacSystemFont, &quot;Segoe UI&quot;, Ubuntu, &quot;Helvetica Neue&quot;, sans-serif; font-size: 16px;">DCMS</span><span style="color: rgb(41, 42, 46); font-family: &quot;Atlassian Sans&quot;, ui-sans-serif, -apple-sys]')
|| TO_CLOB(q'[tem, BlinkMacSystemFont, &quot;Segoe UI&quot;, Ubuntu, &quot;Helvetica Neue&quot;, sans-serif; font-size: 16px;"> Team&lt;br&gt;</span><span data-highlighted="true" data-vc="highlighted-text" style="color: rgb(41, 42, 46); font-family: &quot;Atlassian Sans&quot;, ui-sans-serif, -apple-system, BlinkMacSystemFont, &quot;Segoe UI&quot;, Ubuntu, &quot;Helvetica Neue&quot;, sans-serif; font-size: 16px;">SBI</span><span style="color: rgb(41, 42, 46); font-family: &quot;Atlassian Sans&quot;, ui-sans-se]')
|| TO_CLOB(q'[rif, -apple-system, BlinkMacSystemFont, &quot;Segoe UI&quot;, Ubuntu, &quot;Helvetica Neue&quot;, sans-serif; font-size: 16px;"> - ATM SWITCH CENTRE&lt;br&gt;BELAPUR </span><span data-highlighted="true" data-vc="highlighted-text" style="color: rgb(41, 42, 46); font-family: &quot;Atlassian Sans&quot;, ui-sans-serif, -apple-system, BlinkMacSystemFont, &quot;Segoe UI&quot;, Ubuntu, &quot;Helvetica Neue&quot;, sans-serif; font-size: 16px;">GITC</span><span style="color: rgb(41, 42, 46); font-family:]')
|| TO_CLOB(q'[ &quot;Atlassian Sans&quot;, ui-sans-serif, -apple-system, BlinkMacSystemFont, &quot;Segoe UI&quot;, Ubuntu, &quot;Helvetica Neue&quot;, sans-serif; font-size: 16px;">, </span><span data-highlighted="true" data-vc="highlighted-text" style="color: rgb(41, 42, 46); font-family: &quot;Atlassian Sans&quot;, ui-sans-serif, -apple-system, BlinkMacSystemFont, &quot;Segoe UI&quot;, Ubuntu, &quot;Helvetica Neue&quot;, sans-serif; font-size: 16px;">NAVI</span><span style="color: rgb(41, 42, 46); font-fami]')
|| TO_CLOB(q'[ly: &quot;Atlassian Sans&quot;, ui-sans-serif, -apple-system, BlinkMacSystemFont, &quot;Segoe UI&quot;, Ubuntu, &quot;Helvetica Neue&quot;, sans-serif; font-size: 16px;"> MUMBAI&lt;br&gt;Phone - 022 2757 6263&lt;br&gt;Mobile - 09833033447&lt;br&gt;Email ID - </span><a title="mailto:dcmsmgr@sbi.co.in" data-renderer-mark="true" href="mailto:dcmsmgr@sbi.co.in" data-is-router-link="false" class="_mizu1p6i _1ah31bk5 _ra3xnqa1 _128m1bk5 _1cvmnqa1 _4davt94y _4bfu18uv _1hms8stv _ajmmnqa1 _vchhusvi _kqsw]')
|| TO_CLOB(q'[h2mm _syaz14q2 _ect41gqc _1a3b18uv _4fpr8stv _5goinqa1 _f8pj14q2 _9oik18uv _1bnxglyw _jf4cnqa1 _30l314q2 _1nrm18uv _c2waglyw _1iohnqa1 _9h8h16c2 _1053w7te _1ienw7te _n0fxw7te _1vhvg3x0" data-testid="link-with-safety" style="color: rgb(24, 104, 219); text-decoration-style: solid; position: relative; font-family: &quot;Atlassian Sans&quot;, ui-sans-serif, -apple-system, BlinkMacSystemFont, &quot;Segoe UI&quot;, Ubuntu, &quot;Helvetica Neue&quot;, sans-serif; font-size: 16px;">dcmsmgr@<span data-hi]')
|| TO_CLOB(q'[ghlighted="true" data-vc="highlighted-text">sbi</span>.co.in</a>]'),'SBI','I','cmsadmin',to_timestamp('28-AUG-25 12.29.11.539133000 PM','DD-MON-RR HH.MI.SSXFF AM'));
Insert into NOTIFICATION_TEMPLATE (NOTIFICATION_TEMPLATE_ID,TEMPLATE_CODE,TEMPLATE_NAME,TEMPLATE_SUBJECT,TEMPLATE,TENANT_CODE,DML_TYPE,DML_BY,DML_ON) values (29,'ET0403','ET0403','ATM Exchange Rate not authorized',TO_CLOB(q'[<span style="color: rgb(41, 42, 46); font-family: &quot;Atlassian Sans&quot;, ui-sans-serif, -apple-system, BlinkMacSystemFont, &quot;Segoe UI&quot;, Ubuntu, &quot;Helvetica Neue&quot;, sans-serif; font-size: 16px;">ATM Exchange Rate is not authorized in </span><span data-highlighted="true" data-vc="highlighted-text" style="color: rgb(41, 42, 46); font-family: &quot;Atlassian Sans&quot;, ui-sans-serif, -apple-system, BlinkMacSystemFont, &quot;Segoe UI&quot;, Ubuntu, &quot;Helvetica Neue&quot;, s]')
|| TO_CLOB(q'[ans-serif; font-size: 16px;">DCMS</span><span style="color: rgb(41, 42, 46); font-family: &quot;Atlassian Sans&quot;, ui-sans-serif, -apple-system, BlinkMacSystemFont, &quot;Segoe UI&quot;, Ubuntu, &quot;Helvetica Neue&quot;, sans-serif; font-size: 16px;"> Portal since {CurrencyMapping.alertLapsePeriod}</span><span style="color: rgb(41, 42, 46); font-family: &quot;Atlassian Sans&quot;, ui-sans-serif, -apple-system, BlinkMacSystemFont, &quot;Segoe UI&quot;, Ubuntu, &quot;Helvetica Neue&quot;, san]')
|| TO_CLOB(q'[s-serif; font-size: 16px;"> days or more. Please take appropriate steps.&lt;br&gt;&lt;br&gt;&lt;br&gt;Regards,&lt;br&gt;</span><span data-highlighted="true" data-vc="highlighted-text" style="color: rgb(41, 42, 46); font-family: &quot;Atlassian Sans&quot;, ui-sans-serif, -apple-system, BlinkMacSystemFont, &quot;Segoe UI&quot;, Ubuntu, &quot;Helvetica Neue&quot;, sans-serif; font-size: 16px;">DCMS</span><span style="color: rgb(41, 42, 46); font-family: &quot;Atlassian Sans&quot;, ui-sans-serif, -a]')
|| TO_CLOB(q'[pple-system, BlinkMacSystemFont, &quot;Segoe UI&quot;, Ubuntu, &quot;Helvetica Neue&quot;, sans-serif; font-size: 16px;"> Team&lt;br&gt;</span><span data-highlighted="true" data-vc="highlighted-text" style="color: rgb(41, 42, 46); font-family: &quot;Atlassian Sans&quot;, ui-sans-serif, -apple-system, BlinkMacSystemFont, &quot;Segoe UI&quot;, Ubuntu, &quot;Helvetica Neue&quot;, sans-serif; font-size: 16px;">SBI</span><span style="color: rgb(41, 42, 46); font-family: &quot;Atlassian Sans&quot;, ui]')
|| TO_CLOB(q'[-sans-serif, -apple-system, BlinkMacSystemFont, &quot;Segoe UI&quot;, Ubuntu, &quot;Helvetica Neue&quot;, sans-serif; font-size: 16px;"> - ATM SWITCH CENTRE&lt;br&gt;BELAPUR </span><span data-highlighted="true" data-vc="highlighted-text" style="color: rgb(41, 42, 46); font-family: &quot;Atlassian Sans&quot;, ui-sans-serif, -apple-system, BlinkMacSystemFont, &quot;Segoe UI&quot;, Ubuntu, &quot;Helvetica Neue&quot;, sans-serif; font-size: 16px;">GITC</span><span style="color: rgb(41, 42, 46); font]')
|| TO_CLOB(q'[-family: &quot;Atlassian Sans&quot;, ui-sans-serif, -apple-system, BlinkMacSystemFont, &quot;Segoe UI&quot;, Ubuntu, &quot;Helvetica Neue&quot;, sans-serif; font-size: 16px;">, </span><span data-highlighted="true" data-vc="highlighted-text" style="color: rgb(41, 42, 46); font-family: &quot;Atlassian Sans&quot;, ui-sans-serif, -apple-system, BlinkMacSystemFont, &quot;Segoe UI&quot;, Ubuntu, &quot;Helvetica Neue&quot;, sans-serif; font-size: 16px;">NAVI</span><span style="color: rgb(41, 42, 46); f]')
|| TO_CLOB(q'[ont-family: &quot;Atlassian Sans&quot;, ui-sans-serif, -apple-system, BlinkMacSystemFont, &quot;Segoe UI&quot;, Ubuntu, &quot;Helvetica Neue&quot;, sans-serif; font-size: 16px;"> MUMBAI&lt;br&gt;Phone - 022 2757 6263&lt;br&gt;Mobile - 09833033447&lt;br&gt;Email ID - </span><a title="mailto:dcmsmgr@sbi.co.in" data-renderer-mark="true" href="mailto:dcmsmgr@sbi.co.in" data-is-router-link="false" class="_mizu1p6i _1ah31bk5 _ra3xnqa1 _128m1bk5 _1cvmnqa1 _4davt94y _4bfu18uv _1hms8stv _ajmmnqa1 _vchhus]')
|| TO_CLOB(q'[vi _kqswh2mm _syaz14q2 _ect41gqc _1a3b18uv _4fpr8stv _5goinqa1 _f8pj14q2 _9oik18uv _1bnxglyw _jf4cnqa1 _30l314q2 _1nrm18uv _c2waglyw _1iohnqa1 _9h8h16c2 _1053w7te _1ienw7te _n0fxw7te _1vhvg3x0" data-testid="link-with-safety" style="color: rgb(24, 104, 219); text-decoration-style: solid; position: relative; font-family: &quot;Atlassian Sans&quot;, ui-sans-serif, -apple-system, BlinkMacSystemFont, &quot;Segoe UI&quot;, Ubuntu, &quot;Helvetica Neue&quot;, sans-serif; font-size: 16px;">dcmsmgr@<span]')
|| TO_CLOB(q'[ data-highlighted="true" data-vc="highlighted-text">sbi</span>.co.in</a>]'),'SBI','I','cmsadmin',to_timestamp('28-AUG-25 12.29.17.716699000 PM','DD-MON-RR HH.MI.SSXFF AM'));
Insert into NOTIFICATION_TEMPLATE (NOTIFICATION_TEMPLATE_ID,TEMPLATE_CODE,TEMPLATE_NAME,TEMPLATE_SUBJECT,TEMPLATE,TENANT_CODE,DML_TYPE,DML_BY,DML_ON) values (30,'ET0404','ET0404','Card Issuance Request Rejected',TO_CLOB(q'[<span style="color: rgb(41, 42, 46); font-family: &quot;Atlassian Sans&quot;, ui-sans-serif, -apple-system, BlinkMacSystemFont, &quot;Segoe UI&quot;, Ubuntu, &quot;Helvetica Neue&quot;, sans-serif; font-size: 16px;">Dear Customer, Your Debit Card could not be issued as requested. Please contact nearest Branch-</span><span data-highlighted="true" data-vc="highlighted-text" style="color: rgb(41, 42, 46); font-family: &quot;Atlassian Sans&quot;, ui-sans-serif, -apple-system, BlinkMacSystemFont, &q]')
|| TO_CLOB(q'[uot;Segoe UI&quot;, Ubuntu, &quot;Helvetica Neue&quot;, sans-serif; font-size: 16px;"><span class="_kqswh2mm" style="position: relative;"><span data-testid="definition-highlighter" class="_5pioz8co _189eyh40 _1il9buyh _19lcevot _d0altlke" style="border-image: linear-gradient(90deg, rgb(0, 101, 255), rgb(191, 99, 243), rgb(245, 230, 168)) 0 0 100% / 1 / 0 stretch; border-width: 2px; --_11qfq0e: solid;">SBI</span></span></span>]'),'SBI','I','cmsadmin',to_timestamp('28-AUG-25 12.56.46.930599000 PM','DD-MON-RR HH.MI.SSXFF AM'));
Insert into NOTIFICATION_TEMPLATE (NOTIFICATION_TEMPLATE_ID,TEMPLATE_CODE,TEMPLATE_NAME,TEMPLATE_SUBJECT,TEMPLATE,TENANT_CODE,DML_TYPE,DML_BY,DML_ON) values (31,'ST0307','ST0307', EMPTY_CLOB(),TO_CLOB(q'[<span style="--tw-scale-x: 1; --tw-scale-y: 1; --tw-pan-x: ; --tw-pan-y: ; --tw-pinch-zoom: ; --tw-scroll-snap-strictness: proximity; --tw-gradient-from-position: ; --tw-gradient-via-position: ; --tw-gradient-to-position: ; --tw-ordinal: ; --tw-slashed-zero: ; --tw-numeric-figure: ; --tw-numeric-spacing: ; --tw-numeric-fraction: ; --tw-ring-inset: ; --tw-ring-offset-width: 0px; --tw-ring-offset-color: #fff; --tw-ring-color: rgb(59 130 246 / .5); --tw-ring-offset-shadow: 0 0 #0000; --tw-ring-shad]')
|| TO_CLOB(q'[ow: 0 0 #0000; --tw-shadow: 0 0 #0000; --tw-shadow-colored: 0 0 #0000; --tw-blur: ; --tw-brightness: ; --tw-contrast: ; --tw-grayscale: ; --tw-hue-rotate: ; --tw-invert: ; --tw-saturate: ; --tw-sepia: ; --tw-drop-shadow: ; --tw-backdrop-blur: ; --tw-backdrop-brightness: ; --tw-backdrop-contrast: ; --tw-backdrop-grayscale: ; --tw-backdrop-hue-rotate: ; --tw-backdrop-invert: ; --tw-backdrop-opacity: ; --tw-backdrop-saturate: ; --tw-backdrop-sepia: ; --tw-contain-size: ; --tw-contain-layout: ; --tw]')
|| TO_CLOB(q'[-contain-paint: ; --tw-contain-style: ; border-color: rgb(226, 232, 240); color: rgb(41, 42, 46); font-family: &quot;Atlassian Sans&quot;, ui-sans-serif, -apple-system, BlinkMacSystemFont, &quot;Segoe UI&quot;, Ubuntu, &quot;Helvetica Neue&quot;, sans-serif; font-size: 16px; --tw-border-opacity: 1 !important;">Dear Customer, Your Debit Card could not be issued as requested. Please contact nearest Branch-</span><span data-highlighted="true" data-vc="highlighted-text" style="--tw-scale-x: 1; --tw]')
|| TO_CLOB(q'[-scale-y: 1; --tw-pan-x: ; --tw-pan-y: ; --tw-pinch-zoom: ; --tw-scroll-snap-strictness: proximity; --tw-gradient-from-position: ; --tw-gradient-via-position: ; --tw-gradient-to-position: ; --tw-ordinal: ; --tw-slashed-zero: ; --tw-numeric-figure: ; --tw-numeric-spacing: ; --tw-numeric-fraction: ; --tw-ring-inset: ; --tw-ring-offset-width: 0px; --tw-ring-offset-color: #fff; --tw-ring-color: rgb(59 130 246 / .5); --tw-ring-offset-shadow: 0 0 #0000; --tw-ring-shadow: 0 0 #0000; --tw-shadow: 0 0 #0]')
|| TO_CLOB(q'[000; --tw-shadow-colored: 0 0 #0000; --tw-blur: ; --tw-brightness: ; --tw-contrast: ; --tw-grayscale: ; --tw-hue-rotate: ; --tw-invert: ; --tw-saturate: ; --tw-sepia: ; --tw-drop-shadow: ; --tw-backdrop-blur: ; --tw-backdrop-brightness: ; --tw-backdrop-contrast: ; --tw-backdrop-grayscale: ; --tw-backdrop-hue-rotate: ; --tw-backdrop-invert: ; --tw-backdrop-opacity: ; --tw-backdrop-saturate: ; --tw-backdrop-sepia: ; --tw-contain-size: ; --tw-contain-layout: ; --tw-contain-paint: ; --tw-contain-sty]')
|| TO_CLOB(q'[le: ; border-color: rgb(226, 232, 240); color: rgb(41, 42, 46); font-family: &quot;Atlassian Sans&quot;, ui-sans-serif, -apple-system, BlinkMacSystemFont, &quot;Segoe UI&quot;, Ubuntu, &quot;Helvetica Neue&quot;, sans-serif; font-size: 16px; --tw-border-opacity: 1 !important;"><span class="_kqswh2mm" style="--tw-scale-x: 1; --tw-scale-y: 1; --tw-pan-x: ; --tw-pan-y: ; --tw-pinch-zoom: ; --tw-scroll-snap-strictness: proximity; --tw-gradient-from-position: ; --tw-gradient-via-position: ; --tw-grad]')
|| TO_CLOB(q'[ient-to-position: ; --tw-ordinal: ; --tw-slashed-zero: ; --tw-numeric-figure: ; --tw-numeric-spacing: ; --tw-numeric-fraction: ; --tw-ring-inset: ; --tw-ring-offset-width: 0px; --tw-ring-offset-color: #fff; --tw-ring-color: rgb(59 130 246 / .5); --tw-ring-offset-shadow: 0 0 #0000; --tw-ring-shadow: 0 0 #0000; --tw-shadow: 0 0 #0000; --tw-shadow-colored: 0 0 #0000; --tw-blur: ; --tw-brightness: ; --tw-contrast: ; --tw-grayscale: ; --tw-hue-rotate: ; --tw-invert: ; --tw-saturate: ; --tw-sepia: ; -]')
|| TO_CLOB(q'[-tw-drop-shadow: ; --tw-backdrop-blur: ; --tw-backdrop-brightness: ; --tw-backdrop-contrast: ; --tw-backdrop-grayscale: ; --tw-backdrop-hue-rotate: ; --tw-backdrop-invert: ; --tw-backdrop-opacity: ; --tw-backdrop-saturate: ; --tw-backdrop-sepia: ; --tw-contain-size: ; --tw-contain-layout: ; --tw-contain-paint: ; --tw-contain-style: ; border-color: rgb(226, 232, 240); position: relative; --tw-border-opacity: 1 !important;"><span data-testid="definition-highlighter" class="_5pioz8co _189eyh40 _1il]')
|| TO_CLOB(q'[9buyh _19lcevot _d0altlke" style="--tw-scale-x: 1; --tw-scale-y: 1; --tw-pan-x: ; --tw-pan-y: ; --tw-pinch-zoom: ; --tw-scroll-snap-strictness: proximity; --tw-gradient-from-position: ; --tw-gradient-via-position: ; --tw-gradient-to-position: ; --tw-ordinal: ; --tw-slashed-zero: ; --tw-numeric-figure: ; --tw-numeric-spacing: ; --tw-numeric-fraction: ; --tw-ring-inset: ; --tw-ring-offset-width: 0px; --tw-ring-offset-color: #fff; --tw-ring-color: rgb(59 130 246 / .5); --tw-ring-offset-shadow: 0 0 ]')
|| TO_CLOB(q'[#0000; --tw-ring-shadow: 0 0 #0000; --tw-shadow: 0 0 #0000; --tw-shadow-colored: 0 0 #0000; --tw-blur: ; --tw-brightness: ; --tw-contrast: ; --tw-grayscale: ; --tw-hue-rotate: ; --tw-invert: ; --tw-saturate: ; --tw-sepia: ; --tw-drop-shadow: ; --tw-backdrop-blur: ; --tw-backdrop-brightness: ; --tw-backdrop-contrast: ; --tw-backdrop-grayscale: ; --tw-backdrop-hue-rotate: ; --tw-backdrop-invert: ; --tw-backdrop-opacity: ; --tw-backdrop-saturate: ; --tw-backdrop-sepia: ; --tw-contain-size: ; --tw-c]')
|| TO_CLOB(q'[ontain-layout: ; --tw-contain-paint: ; --tw-contain-style: ; border-width: 2px; border-color: rgb(226, 232, 240); border-image: linear-gradient(90deg, rgb(0, 101, 255), rgb(191, 99, 243), rgb(245, 230, 168)) 0 0 100% / 1 / 0 stretch; --_11qfq0e: solid; --tw-border-opacity: 1 !important;">SBI</span></span></span>]'),'SBI','I','cmsadmin',to_timestamp('28-AUG-25 12.56.47.710431000 PM','DD-MON-RR HH.MI.SSXFF AM'));
Insert into NOTIFICATION_TEMPLATE (NOTIFICATION_TEMPLATE_ID,TEMPLATE_CODE,TEMPLATE_NAME,TEMPLATE_SUBJECT,TEMPLATE,TENANT_CODE,DML_TYPE,DML_BY,DML_ON) values (32,'ST0308','ST0308', EMPTY_CLOB(),TO_CLOB(q'[<span style="color: rgb(41, 42, 46); font-family: &quot;Atlassian Sans&quot;, ui-sans-serif, -apple-system, BlinkMacSystemFont, &quot;Segoe UI&quot;, Ubuntu, &quot;Helvetica Neue&quot;, sans-serif; font-size: 16px;">Dear Customer, Your request for Debit Card issuance has been rejected on {rejection date}. Please contact nearest Branch-</span><span data-highlighted="true" data-vc="highlighted-text" style="color: rgb(41, 42, 46); font-family: &quot;Atlassian Sans&quot;, ui-sans-serif, -apple-syst]')
|| TO_CLOB(q'[em, BlinkMacSystemFont, &quot;Segoe UI&quot;, Ubuntu, &quot;Helvetica Neue&quot;, sans-serif; font-size: 16px;">SBI</span>]'),'SBI','I','cmsadmin',to_timestamp('28-AUG-25 12.56.55.576403000 PM','DD-MON-RR HH.MI.SSXFF AM'));
Insert into NOTIFICATION_TEMPLATE (NOTIFICATION_TEMPLATE_ID,TEMPLATE_CODE,TEMPLATE_NAME,TEMPLATE_SUBJECT,TEMPLATE,TENANT_CODE,DML_TYPE,DML_BY,DML_ON) values (33,'ET0405','ET0405','Card Issuance Request Rejection Notification',TO_CLOB(q'[<span style="color: rgb(41, 42, 46); font-family: &quot;Atlassian Sans&quot;, ui-sans-serif, -apple-system, BlinkMacSystemFont, &quot;Segoe UI&quot;, Ubuntu, &quot;Helvetica Neue&quot;, sans-serif; font-size: 16px;">Dear Customer, Your request for Debit Card issuance has been rejected on {rejection date}. Please contact nearest Branch-</span><span data-highlighted="true" data-vc="highlighted-text" style="color: rgb(41, 42, 46); font-family: &quot;Atlassian Sans&quot;, ui-sans-serif, -apple-syst]')
|| TO_CLOB(q'[em, BlinkMacSystemFont, &quot;Segoe UI&quot;, Ubuntu, &quot;Helvetica Neue&quot;, sans-serif; font-size: 16px;">SBI</span>]'),'SBI','I','cmsadmin',to_timestamp('28-AUG-25 12.56.56.450543000 PM','DD-MON-RR HH.MI.SSXFF AM'));
Insert into NOTIFICATION_TEMPLATE (NOTIFICATION_TEMPLATE_ID,TEMPLATE_CODE,TEMPLATE_NAME,TEMPLATE_SUBJECT,TEMPLATE,TENANT_CODE,DML_TYPE,DML_BY,DML_ON) values (41,'ST0312','ST0312', EMPTY_CLOB(),TO_CLOB(q'[<span style="color: rgb(41, 42, 46); font-family: &quot;Atlassian Sans&quot;, ui-sans-serif, -apple-system, BlinkMacSystemFont, &quot;Segoe UI&quot;, Ubuntu, &quot;Helvetica Neue&quot;, sans-serif; font-size: 16px;">Dear {Customer name}, Your reissuance request for Debit Card No ending with {xxxx} has been rejected on {rejection date}. Please contact nearest Branch-</span><span data-highlighted="true" data-vc="highlighted-text" style="color: rgb(41, 42, 46); font-family: &quot;Atlassian Sans&qu]')
|| TO_CLOB(q'[ot;, ui-sans-serif, -apple-system, BlinkMacSystemFont, &quot;Segoe UI&quot;, Ubuntu, &quot;Helvetica Neue&quot;, sans-serif; font-size: 16px;">SBI</span>]'),'SBI','I','cmsadmin',to_timestamp('28-AUG-25 12.58.40.236346000 PM','DD-MON-RR HH.MI.SSXFF AM'));
Insert into NOTIFICATION_TEMPLATE (NOTIFICATION_TEMPLATE_ID,TEMPLATE_CODE,TEMPLATE_NAME,TEMPLATE_SUBJECT,TEMPLATE,TENANT_CODE,DML_TYPE,DML_BY,DML_ON) values (81,'ET0418','ET0418','Branch Request Raised By Maker','Hello, A {entityData.dmlType} configuration request has been submitted by {entityData.dmlBy} for Branch on {entityData.dmlOn} and is awaiting for approval.','SBI','I','cmsadmin',to_timestamp('29-AUG-25 05.35.55.853394000 AM','DD-MON-RR HH.MI.SSXFF AM'));
Insert into NOTIFICATION_TEMPLATE (NOTIFICATION_TEMPLATE_ID,TEMPLATE_CODE,TEMPLATE_NAME,TEMPLATE_SUBJECT,TEMPLATE,TENANT_CODE,DML_TYPE,DML_BY,DML_ON) values (39,'ST0311','ST0311', EMPTY_CLOB(),TO_CLOB(q'[<span style="color: rgb(41, 42, 46); font-family: &quot;Atlassian Sans&quot;, ui-sans-serif, -apple-system, BlinkMacSystemFont, &quot;Segoe UI&quot;, Ubuntu, &quot;Helvetica Neue&quot;, sans-serif; font-size: 16px;">Dear Customer, Your Debit Card No ending with xxxx could not be reissued. Please contact nearest Branch-</span><span data-highlighted="true" data-vc="highlighted-text" style="color: rgb(41, 42, 46); font-family: &quot;Atlassian Sans&quot;, ui-sans-serif, -apple-system, BlinkMacSyste]')
|| TO_CLOB(q'[mFont, &quot;Segoe UI&quot;, Ubuntu, &quot;Helvetica Neue&quot;, sans-serif; font-size: 16px;">SBI</span>]'),'SBI','I','cmsadmin',to_timestamp('28-AUG-25 12.58.25.133743000 PM','DD-MON-RR HH.MI.SSXFF AM'));
Insert into NOTIFICATION_TEMPLATE (NOTIFICATION_TEMPLATE_ID,TEMPLATE_CODE,TEMPLATE_NAME,TEMPLATE_SUBJECT,TEMPLATE,TENANT_CODE,DML_TYPE,DML_BY,DML_ON) values (40,'ET0409','ET0409','Card Reissuance Request Rejection Notification',TO_CLOB(q'[<span style="color: rgb(41, 42, 46); font-family: &quot;Atlassian Sans&quot;, ui-sans-serif, -apple-system, BlinkMacSystemFont, &quot;Segoe UI&quot;, Ubuntu, &quot;Helvetica Neue&quot;, sans-serif; font-size: 16px;">Dear {Customer name}, Your reissuance request for Debit Card No ending with {xxxx} has been rejected on {rejection date}. Please contact nearest Branch-</span><span data-highlighted="true" data-vc="highlighted-text" style="color: rgb(41, 42, 46); font-family: &quot;Atlassian Sans&qu]')
|| TO_CLOB(q'[ot;, ui-sans-serif, -apple-system, BlinkMacSystemFont, &quot;Segoe UI&quot;, Ubuntu, &quot;Helvetica Neue&quot;, sans-serif; font-size: 16px;">SBI</span>]'),'SBI','I','cmsadmin',to_timestamp('28-AUG-25 12.58.39.459636000 PM','DD-MON-RR HH.MI.SSXFF AM'));
Insert into NOTIFICATION_TEMPLATE (NOTIFICATION_TEMPLATE_ID,TEMPLATE_CODE,TEMPLATE_NAME,TEMPLATE_SUBJECT,TEMPLATE,TENANT_CODE,DML_TYPE,DML_BY,DML_ON) values (82,'ET0417','ET0417','Branch Update Request To Maker','Dear {entityData.dmlBy}, the {entityData.dmlType} configuration request which you submitted for Branch screen has been {entityData.approvedTc} by {entityData.checkedBy} on {entityData.checkedOn}.','SBI','I','cmsadmin',to_timestamp('29-AUG-25 05.39.02.985633000 AM','DD-MON-RR HH.MI.SSXFF AM'));
Insert into NOTIFICATION_TEMPLATE (NOTIFICATION_TEMPLATE_ID,TEMPLATE_CODE,TEMPLATE_NAME,TEMPLATE_SUBJECT,TEMPLATE,TENANT_CODE,DML_TYPE,DML_BY,DML_ON) values (83,'ET0416','ET0416','HSM Request Is Raised','Hello, A {entityData.dmlType} configuration request has been submitted by {entityData.dmlBy} for HSM on {entityData.dmlOn} and is awaiting for approval.','SBI','I','cmsadmin',to_timestamp('29-AUG-25 05.39.19.008061000 AM','DD-MON-RR HH.MI.SSXFF AM'));
Insert into NOTIFICATION_TEMPLATE (NOTIFICATION_TEMPLATE_ID,TEMPLATE_CODE,TEMPLATE_NAME,TEMPLATE_SUBJECT,TEMPLATE,TENANT_CODE,DML_TYPE,DML_BY,DML_ON) values (85,'ET0414','ET0414','Program Master Request Is Raised','Hello, A {entityData.dmlType} configuration request has been submitted by {entityData.dmlBy} for Program Maste on {entityData.dmlOn} and is awaiting for approval.','SBI','I','cmsadmin',to_timestamp('29-AUG-25 05.39.33.219326000 AM','DD-MON-RR HH.MI.SSXFF AM'));
Insert into NOTIFICATION_TEMPLATE (NOTIFICATION_TEMPLATE_ID,TEMPLATE_CODE,TEMPLATE_NAME,TEMPLATE_SUBJECT,TEMPLATE,TENANT_CODE,DML_TYPE,DML_BY,DML_ON) values (86,'ET0415','ET0415','HSM Request Is Approved','Dear {entityData.dmlBy}, the {entityData.dmlType} configuration request which you submitted for HSM screen has been {entityData.approvedTc} by {entityData.checkedBy} on {entityData.checkedOn}.','SBI','I','cmsadmin',to_timestamp('29-AUG-25 05.39.40.760601000 AM','DD-MON-RR HH.MI.SSXFF AM'));
Insert into NOTIFICATION_TEMPLATE (NOTIFICATION_TEMPLATE_ID,TEMPLATE_CODE,TEMPLATE_NAME,TEMPLATE_SUBJECT,TEMPLATE,TENANT_CODE,DML_TYPE,DML_BY,DML_ON) values (107,'ET0423','ET0423','Pin Regeneration To Cardholder','Dear {customer.customerFullName}, your PIN regeneration request reference number {pinRegeneration.requestReferenceNumber} has been approved. <div>
Will communicate with you when PIN regeneration is complete.</div>','SBI','I','cmsadmin',to_timestamp('01-SEP-25 10.36.13.162352000 AM','DD-MON-RR HH.MI.SSXFF AM'));
Insert into NOTIFICATION_TEMPLATE (NOTIFICATION_TEMPLATE_ID,TEMPLATE_CODE,TEMPLATE_NAME,TEMPLATE_SUBJECT,TEMPLATE,TENANT_CODE,DML_TYPE,DML_BY,DML_ON) values (63,'ET0412','ET0412','Green Pin Request By Maker','Hello, A {entityData.dmlType} configuration request has been submitted by {entityData.dmlBy} for Green PIN on {entityData.dmlOn} and is awaiting for approval.','SBI','I','cmsadmin',to_timestamp('28-AUG-25 02.46.13.007899000 PM','DD-MON-RR HH.MI.SSXFF AM'));
Insert into NOTIFICATION_TEMPLATE (NOTIFICATION_TEMPLATE_ID,TEMPLATE_CODE,TEMPLATE_NAME,TEMPLATE_SUBJECT,TEMPLATE,TENANT_CODE,DML_TYPE,DML_BY,DML_ON) values (64,'ET0411','ET0411','Green Pin Request Updated By Checker','Dear {entityData.dmlBy}, the {entityData.dmlType} configuration request which you submitted for Green PIN screen has been {entityData.approvedTc} by {entityData.checkedBy} on {entityData.checkedOn}.','SBI','I','cmsadmin',to_timestamp('28-AUG-25 02.46.21.039107000 PM','DD-MON-RR HH.MI.SSXFF AM'));
Insert into NOTIFICATION_TEMPLATE (NOTIFICATION_TEMPLATE_ID,TEMPLATE_CODE,TEMPLATE_NAME,TEMPLATE_SUBJECT,TEMPLATE,TENANT_CODE,DML_TYPE,DML_BY,DML_ON) values (108,'ST0314','ST0314', EMPTY_CLOB(),'Dear {customer.customerFullName}, your PIN regeneration request reference number {pinRegeneration.requestReferenceNumber} has been approved. ','SBI','I','cmsadmin',to_timestamp('01-SEP-25 10.36.14.020205000 AM','DD-MON-RR HH.MI.SSXFF AM'));
Insert into NOTIFICATION_TEMPLATE (NOTIFICATION_TEMPLATE_ID,TEMPLATE_CODE,TEMPLATE_NAME,TEMPLATE_SUBJECT,TEMPLATE,TENANT_CODE,DML_TYPE,DML_BY,DML_ON) values (109,'ET0422','ET0422','PIN Regeneration Request By Maker','Hello, A {entityData.dmlType} configuration request has been submitted by {entityData.dmlBy} for PIN Regeneration on {entityData.dmlOn} and is awaiting for approval.','SBI','I','cmsadmin',to_timestamp('01-SEP-25 10.36.20.819371000 AM','DD-MON-RR HH.MI.SSXFF AM'));
Insert into NOTIFICATION_TEMPLATE (NOTIFICATION_TEMPLATE_ID,TEMPLATE_CODE,TEMPLATE_NAME,TEMPLATE_SUBJECT,TEMPLATE,TENANT_CODE,DML_TYPE,DML_BY,DML_ON) values (110,'ET0421','ET0421','PIN Regeneration Status Update To Maker','Dear {entityData.dmlBy}, the {entityData.dmlType} configuration request which you submitted for PIN Regeneration screen has been {entityData.approvedTc} by {entityData.checkedBy} on {entityData.checkedOn}.','SBI','I','cmsadmin',to_timestamp('01-SEP-25 10.36.28.027031000 AM','DD-MON-RR HH.MI.SSXFF AM'));
Insert into NOTIFICATION_TEMPLATE (NOTIFICATION_TEMPLATE_ID,TEMPLATE_CODE,TEMPLATE_NAME,TEMPLATE_SUBJECT,TEMPLATE,TENANT_CODE,DML_TYPE,DML_BY,DML_ON) values (129,'ST0316','ST0316', EMPTY_CLOB(),'<span style="color: rgb(92, 95, 100); font-size: 16px; white-space-collapse: collapse;">Account delink request failure</span>','SBI','I','cmsadmin',to_timestamp('02-SEP-25 06.44.11.416670000 AM','DD-MON-RR HH.MI.SSXFF AM'));
Insert into NOTIFICATION_TEMPLATE (NOTIFICATION_TEMPLATE_ID,TEMPLATE_CODE,TEMPLATE_NAME,TEMPLATE_SUBJECT,TEMPLATE,TENANT_CODE,DML_TYPE,DML_BY,DML_ON) values (61,'ET0410','ET0410','Green pin request to cardholder','<span style="color: rgb(92, 95, 100); font-size: 16px; white-space-collapse: collapse;">Dear {customer.customerFullName}, Your One-Time Password (OTP) for Green PIN Initiation through {greenPinGeneration.applicationSource} is: {greenPinGeneration.generatedOtp}. Please do not share this OTP with anyone. Thank you for choosing our service.</span>','SBI','I','cmsadmin',to_timestamp('28-AUG-25 02.41.40.005926000 PM','DD-MON-RR HH.MI.SSXFF AM'));
Insert into NOTIFICATION_TEMPLATE (NOTIFICATION_TEMPLATE_ID,TEMPLATE_CODE,TEMPLATE_NAME,TEMPLATE_SUBJECT,TEMPLATE,TENANT_CODE,DML_TYPE,DML_BY,DML_ON) values (62,'ST0313','ST0313', EMPTY_CLOB(),'<span style="color: rgb(92, 95, 100); font-size: 16px; white-space-collapse: collapse;">Dear {customer.customerFullName}, Your One-Time Password (OTP) for Green PIN Initiation is: {greenPinGeneration.generatedOtp}.</span>','SBI','I','cmsadmin',to_timestamp('28-AUG-25 02.41.42.044955000 PM','DD-MON-RR HH.MI.SSXFF AM'));
Insert into NOTIFICATION_TEMPLATE (NOTIFICATION_TEMPLATE_ID,TEMPLATE_CODE,TEMPLATE_NAME,TEMPLATE_SUBJECT,TEMPLATE,TENANT_CODE,DML_TYPE,DML_BY,DML_ON) values (137,'ET0426','ET0426','Card hotlist failure','<span style="color: rgb(92, 95, 100); font-size: 16px; white-space-collapse: collapse;">Dear {CardHotlist.cardEmbossName}, Your hotlist request for card ending {CardHotlist.displayCardNumber} has been rejected on {CardHotlist.checkedOn}. Please contact our customer care in case of queries.</span>','SBI','I','cmsadmin',to_timestamp('02-SEP-25 09.10.51.821973000 AM','DD-MON-RR HH.MI.SSXFF AM'));
Insert into NOTIFICATION_TEMPLATE (NOTIFICATION_TEMPLATE_ID,TEMPLATE_CODE,TEMPLATE_NAME,TEMPLATE_SUBJECT,TEMPLATE,TENANT_CODE,DML_TYPE,DML_BY,DML_ON) values (138,'ST0317','ST0317', EMPTY_CLOB(),'<span style="color: rgb(92, 95, 100); font-size: 16px; white-space-collapse: collapse;">Card hotlist failure</span>','SBI','I','cmsadmin',to_timestamp('02-SEP-25 09.10.52.839408000 AM','DD-MON-RR HH.MI.SSXFF AM'));
Insert into NOTIFICATION_TEMPLATE (NOTIFICATION_TEMPLATE_ID,TEMPLATE_CODE,TEMPLATE_NAME,TEMPLATE_SUBJECT,TEMPLATE,TENANT_CODE,DML_TYPE,DML_BY,DML_ON) values (36,'ET0407','ET0407','Card Renewal Request Rejection Notification',TO_CLOB(q'[<span style="color: rgb(41, 42, 46); font-family: &quot;Atlassian Sans&quot;, ui-sans-serif, -apple-system, BlinkMacSystemFont, &quot;Segoe UI&quot;, Ubuntu, &quot;Helvetica Neue&quot;, sans-serif; font-size: 16px;">Dear {Customer name}, Your Debit Card No ending with xxxx which is getting expired on {expiry date} could not be renewed. Please contact nearest Branch-</span><span data-highlighted="true" data-vc="highlighted-text" style="color: rgb(41, 42, 46); font-family: &quot;Atlassian Sans&qu]')
|| TO_CLOB(q'[ot;, ui-sans-serif, -apple-system, BlinkMacSystemFont, &quot;Segoe UI&quot;, Ubuntu, &quot;Helvetica Neue&quot;, sans-serif; font-size: 16px;">SBI</span>]'),'SBI','I','cmsadmin',to_timestamp('28-AUG-25 12.58.11.301419000 PM','DD-MON-RR HH.MI.SSXFF AM'));
Insert into NOTIFICATION_TEMPLATE (NOTIFICATION_TEMPLATE_ID,TEMPLATE_CODE,TEMPLATE_NAME,TEMPLATE_SUBJECT,TEMPLATE,TENANT_CODE,DML_TYPE,DML_BY,DML_ON) values (37,'ST0310','ST0310', EMPTY_CLOB(),TO_CLOB(q'[<span style="color: rgb(41, 42, 46); font-family: &quot;Atlassian Sans&quot;, ui-sans-serif, -apple-system, BlinkMacSystemFont, &quot;Segoe UI&quot;, Ubuntu, &quot;Helvetica Neue&quot;, sans-serif; font-size: 16px;">Dear {Customer name}, Your Debit Card No ending with xxxx which is getting expired on {expiry date} could not be renewed. Please contact nearest Branch-</span><span data-highlighted="true" data-vc="highlighted-text" style="color: rgb(41, 42, 46); font-family: &quot;Atlassian Sans&qu]')
|| TO_CLOB(q'[ot;, ui-sans-serif, -apple-system, BlinkMacSystemFont, &quot;Segoe UI&quot;, Ubuntu, &quot;Helvetica Neue&quot;, sans-serif; font-size: 16px;">SBI</span>]'),'SBI','I','cmsadmin',to_timestamp('28-AUG-25 12.58.12.068751000 PM','DD-MON-RR HH.MI.SSXFF AM'));
Insert into NOTIFICATION_TEMPLATE (NOTIFICATION_TEMPLATE_ID,TEMPLATE_CODE,TEMPLATE_NAME,TEMPLATE_SUBJECT,TEMPLATE,TENANT_CODE,DML_TYPE,DML_BY,DML_ON) values (34,'ET0406','ET0406','Card Renewal Request Rejected',TO_CLOB(q'[<span style="color: rgb(41, 42, 46); font-family: &quot;Atlassian Sans&quot;, ui-sans-serif, -apple-system, BlinkMacSystemFont, &quot;Segoe UI&quot;, Ubuntu, &quot;Helvetica Neue&quot;, sans-serif; font-size: 16px;">Dear Customer, Your Debit Card No ending with xxxx could not be renewed on expiry. Please contact nearest Branch-</span><span data-highlighted="true" data-vc="highlighted-text" style="color: rgb(41, 42, 46); font-family: &quot;Atlassian Sans&quot;, ui-sans-serif, -apple-system, Blin]')
|| TO_CLOB(q'[kMacSystemFont, &quot;Segoe UI&quot;, Ubuntu, &quot;Helvetica Neue&quot;, sans-serif; font-size: 16px;">SBI</span>]'),'SBI','I','cmsadmin',to_timestamp('28-AUG-25 12.57.57.283175000 PM','DD-MON-RR HH.MI.SSXFF AM'));
Insert into NOTIFICATION_TEMPLATE (NOTIFICATION_TEMPLATE_ID,TEMPLATE_CODE,TEMPLATE_NAME,TEMPLATE_SUBJECT,TEMPLATE,TENANT_CODE,DML_TYPE,DML_BY,DML_ON) values (35,'ST0309','ST0309', EMPTY_CLOB(),TO_CLOB(q'[<span style="color: rgb(41, 42, 46); font-family: &quot;Atlassian Sans&quot;, ui-sans-serif, -apple-system, BlinkMacSystemFont, &quot;Segoe UI&quot;, Ubuntu, &quot;Helvetica Neue&quot;, sans-serif; font-size: 16px;">Dear Customer, Your Debit Card No ending with xxxx could not be renewed on expiry. Please contact nearest Branch-</span><span data-highlighted="true" data-vc="highlighted-text" style="color: rgb(41, 42, 46); font-family: &quot;Atlassian Sans&quot;, ui-sans-serif, -apple-system, Blin]')
|| TO_CLOB(q'[kMacSystemFont, &quot;Segoe UI&quot;, Ubuntu, &quot;Helvetica Neue&quot;, sans-serif; font-size: 16px;">SBI</span>]'),'SBI','I','cmsadmin',to_timestamp('28-AUG-25 12.57.58.078858000 PM','DD-MON-RR HH.MI.SSXFF AM'));
Insert into NOTIFICATION_TEMPLATE (NOTIFICATION_TEMPLATE_ID,TEMPLATE_CODE,TEMPLATE_NAME,TEMPLATE_SUBJECT,TEMPLATE,TENANT_CODE,DML_TYPE,DML_BY,DML_ON) values (38,'ET0408','ET0408','Card ReIssuance Request Rejected TBD SBI Team',TO_CLOB(q'[<span style="color: rgb(41, 42, 46); font-family: &quot;Atlassian Sans&quot;, ui-sans-serif, -apple-system, BlinkMacSystemFont, &quot;Segoe UI&quot;, Ubuntu, &quot;Helvetica Neue&quot;, sans-serif; font-size: 16px;">Dear Customer, Your Debit Card No ending with xxxx could not be reissued. Please contact nearest Branch-</span><span data-highlighted="true" data-vc="highlighted-text" style="color: rgb(41, 42, 46); font-family: &quot;Atlassian Sans&quot;, ui-sans-serif, -apple-system, BlinkMacSyste]')
|| TO_CLOB(q'[mFont, &quot;Segoe UI&quot;, Ubuntu, &quot;Helvetica Neue&quot;, sans-serif; font-size: 16px;">SBI</span>]'),'SBI','I','cmsadmin',to_timestamp('28-AUG-25 12.58.24.357761000 PM','DD-MON-RR HH.MI.SSXFF AM'));
Insert into NOTIFICATION_TEMPLATE (NOTIFICATION_TEMPLATE_ID,TEMPLATE_CODE,TEMPLATE_NAME,TEMPLATE_SUBJECT,TEMPLATE,TENANT_CODE,DML_TYPE,DML_BY,DML_ON) values (127,'ET0424','ET0424','Account Link failure','<span style="color: rgb(0, 0, 0); font-family: Calibri; font-size: 14.6667px; white-space-collapse: collapse;">Dear {AccountLink.cardEmbossName}, Your account linking request for card ending {AccountLink.displayCardNumber} has been rejected on {AccountLink.checkedOn}. Please contact our customer care in case of queries.</span>','SBI','I','cmsadmin',to_timestamp('02-SEP-25 06.16.40.410991000 AM','DD-MON-RR HH.MI.SSXFF AM'));
Insert into NOTIFICATION_TEMPLATE (NOTIFICATION_TEMPLATE_ID,TEMPLATE_CODE,TEMPLATE_NAME,TEMPLATE_SUBJECT,TEMPLATE,TENANT_CODE,DML_TYPE,DML_BY,DML_ON) values (128,'ST0315','ST0315', EMPTY_CLOB(),'<span style="color: rgb(92, 95, 100); font-size: 16px; white-space-collapse: collapse;">Your account link failure occured.</span>','SBI','I','cmsadmin',to_timestamp('02-SEP-25 06.16.41.619633000 AM','DD-MON-RR HH.MI.SSXFF AM'));
Insert into NOTIFICATION_TEMPLATE (NOTIFICATION_TEMPLATE_ID,TEMPLATE_CODE,TEMPLATE_NAME,TEMPLATE_SUBJECT,TEMPLATE,TENANT_CODE,DML_TYPE,DML_BY,DML_ON) values (130,'ET0425','ET0425','Account Delink failure',TO_CLOB(q'[<span style="color: rgb(92, 95, 100); font-size: 16px; white-space-collapse: collapse;">Dear {AccountDelink.cardEmbossName}, Your account de linking request for card ending {</span><span style="color: rgb(92, 95, 100); font-size: 16px; white-space-collapse: collapse;">AccountDelink</span><span style="color: rgb(92, 95, 100); font-size: 16px; white-space-collapse: collapse;">.displayCardNumber} has been rejected on {</span><span style="color: rgb(92, 95, 100); font-size: 16px; white-space-collaps]')
|| TO_CLOB(q'[e: collapse;">AccountDelink</span><span style="color: rgb(92, 95, 100); font-size: 16px; white-space-collapse: collapse;">.checkedOn}. Please contact our customer care in case of queries.</span>]'),'SBI','I','cmsadmin',to_timestamp('02-SEP-25 06.44.12.413816000 AM','DD-MON-RR HH.MI.SSXFF AM'));
Insert into NOTIFICATION_TEMPLATE (NOTIFICATION_TEMPLATE_ID,TEMPLATE_CODE,TEMPLATE_NAME,TEMPLATE_SUBJECT,TEMPLATE,TENANT_CODE,DML_TYPE,DML_BY,DML_ON) values (131,'ET0429','ET0429','GreenPin Generation failure','<span style="color: rgb(92, 95, 100); font-size: 16px; white-space-collapse: collapse;">Dear {GreenPinGeneration.cardEmbossName}, Your green pin request for card ending {GreenPinGeneration.displayCardNumber} has been rejected on {GreenPinGeneration.checkedOn}. Please contact our customer care in case of queries.</span>','SBI','I','cmsadmin',to_timestamp('02-SEP-25 09.10.27.434882000 AM','DD-MON-RR HH.MI.SSXFF AM'));
Insert into NOTIFICATION_TEMPLATE (NOTIFICATION_TEMPLATE_ID,TEMPLATE_CODE,TEMPLATE_NAME,TEMPLATE_SUBJECT,TEMPLATE,TENANT_CODE,DML_TYPE,DML_BY,DML_ON) values (132,'ST0320','ST0320', EMPTY_CLOB(),'<span style="color: rgb(92, 95, 100); font-size: 16px; white-space-collapse: collapse;">Green pin failure</span>','SBI','I','cmsadmin',to_timestamp('02-SEP-25 09.10.28.622140000 AM','DD-MON-RR HH.MI.SSXFF AM'));
Insert into NOTIFICATION_TEMPLATE (NOTIFICATION_TEMPLATE_ID,TEMPLATE_CODE,TEMPLATE_NAME,TEMPLATE_SUBJECT,TEMPLATE,TENANT_CODE,DML_TYPE,DML_BY,DML_ON) values (133,'ET0428','ET0428','CardClosure failure','<span style="color: rgb(92, 95, 100); font-size: 16px; white-space-collapse: collapse;">Dear {CardClosure.cardEmbossName}, Your card closure request for card ending {CardClosure.displayCardNumber} has been rejected on {CardClosure.checkedOn}. Please contact our customer care in case of queries.</span>','SBI','I','cmsadmin',to_timestamp('02-SEP-25 09.10.35.570214000 AM','DD-MON-RR HH.MI.SSXFF AM'));
Insert into NOTIFICATION_TEMPLATE (NOTIFICATION_TEMPLATE_ID,TEMPLATE_CODE,TEMPLATE_NAME,TEMPLATE_SUBJECT,TEMPLATE,TENANT_CODE,DML_TYPE,DML_BY,DML_ON) values (134,'ST0319','ST0319', EMPTY_CLOB(),'<span style="color: rgb(36, 36, 36); font-family: &quot;Aptos Narrow&quot;, Calibri, &quot;sans-serif&quot;, &quot;Mongolian Baiti&quot;, &quot;Microsoft Yi Baiti&quot;, &quot;Javanese Text&quot;, &quot;Yu Gothic&quot;; font-size: 14.6667px; white-space-collapse: collapse;">Card closure failure</span>','SBI','I','cmsadmin',to_timestamp('02-SEP-25 09.10.36.618860000 AM','DD-MON-RR HH.MI.SSXFF AM'));
Insert into NOTIFICATION_TEMPLATE (NOTIFICATION_TEMPLATE_ID,TEMPLATE_CODE,TEMPLATE_NAME,TEMPLATE_SUBJECT,TEMPLATE,TENANT_CODE,DML_TYPE,DML_BY,DML_ON) values (135,'ET0427','ET0427','Card dehotlist failure','<span style="color: rgb(92, 95, 100); font-size: 16px; white-space-collapse: collapse;">Dear {CardDehotlistRequest.cardEmbossName}, Your dehotlist request for card ending {CardDehotlistRequest.displayCardNumber} has been rejected on {CardDehotlistRequest.checkedOn}. Please contact our customer care in case of queries.</span>','SBI','I','cmsadmin',to_timestamp('02-SEP-25 09.10.44.203763000 AM','DD-MON-RR HH.MI.SSXFF AM'));
Insert into NOTIFICATION_TEMPLATE (NOTIFICATION_TEMPLATE_ID,TEMPLATE_CODE,TEMPLATE_NAME,TEMPLATE_SUBJECT,TEMPLATE,TENANT_CODE,DML_TYPE,DML_BY,DML_ON) values (136,'ST0318','ST0318', EMPTY_CLOB(),'<span style="color: rgb(36, 36, 36); font-family: &quot;Aptos Narrow&quot;, Calibri, &quot;sans-serif&quot;, &quot;Mongolian Baiti&quot;, &quot;Microsoft Yi Baiti&quot;, &quot;Javanese Text&quot;, &quot;Yu Gothic&quot;; font-size: 14.6667px; white-space-collapse: collapse;">Card dehotlist failure</span>','SBI','I','cmsadmin',to_timestamp('02-SEP-25 09.10.45.217415000 AM','DD-MON-RR HH.MI.SSXFF AM'));
Insert into NOTIFICATION_TEMPLATE (NOTIFICATION_TEMPLATE_ID,TEMPLATE_CODE,TEMPLATE_NAME,TEMPLATE_SUBJECT,TEMPLATE,TENANT_CODE,DML_TYPE,DML_BY,DML_ON) values (155,'ET0460','ET0460','Zone Request Notification','Dear,<br><br>

A {entityData.dmlType} configuration request has been submitted by {entityData.dmlBy} for the Zone screen on {entityData.dmlOn} and is awaiting for approval.
<div><br></div>','SBI','I','cmsadmin',to_timestamp('04-SEP-25 12.22.57.514309000 PM','DD-MON-RR HH.MI.SSXFF AM'));
Insert into NOTIFICATION_TEMPLATE (NOTIFICATION_TEMPLATE_ID,TEMPLATE_CODE,TEMPLATE_NAME,TEMPLATE_SUBJECT,TEMPLATE,TENANT_CODE,DML_TYPE,DML_BY,DML_ON) values (156,'ET0459','ET0459','Local Head Office Request','Dear,<br><br>

A {entityData.dmlType} configuration request has been submitted by {entityData.dmlBy} for the Local Head Office screen on {entityData.dmlOn} and is awaiting for approval.
<div><br></div>','SBI','I','cmsadmin',to_timestamp('04-SEP-25 12.23.26.812388000 PM','DD-MON-RR HH.MI.SSXFF AM'));
Insert into NOTIFICATION_TEMPLATE (NOTIFICATION_TEMPLATE_ID,TEMPLATE_CODE,TEMPLATE_NAME,TEMPLATE_SUBJECT,TEMPLATE,TENANT_CODE,DML_TYPE,DML_BY,DML_ON) values (172,'ET0444','ET0444','Local Head Office Request Status Update','Dear {entityData.dmlBy},<br><br>

The {entityData.dmlType} configuration request which you submitted for the Local Head Office screen has been {entityData.approvedTc} by {entityData.checkedBy} on {entityData.checkedOn}.
<div><br></div>','SBI','I','cmsadmin',to_timestamp('04-SEP-25 12.31.34.941266000 PM','DD-MON-RR HH.MI.SSXFF AM'));
Insert into NOTIFICATION_TEMPLATE (NOTIFICATION_TEMPLATE_ID,TEMPLATE_CODE,TEMPLATE_NAME,TEMPLATE_SUBJECT,TEMPLATE,TENANT_CODE,DML_TYPE,DML_BY,DML_ON) values (173,'ET0442','ET0442','Exchange Rate Approved Notification Supervisor','Dear {entityData.dmlBy},<br><br>

The {entityData.dmlType} configuration request which you submitted for the Exchange Rate Approved Notification Supervisor screen has been {entityData.approvedTc} by {entityData.checkedBy} on {entityData.checkedOn}.
<div><br></div>','SBI','I','cmsadmin',to_timestamp('04-SEP-25 12.31.41.450204000 PM','DD-MON-RR HH.MI.SSXFF AM'));
Insert into NOTIFICATION_TEMPLATE (NOTIFICATION_TEMPLATE_ID,TEMPLATE_CODE,TEMPLATE_NAME,TEMPLATE_SUBJECT,TEMPLATE,TENANT_CODE,DML_TYPE,DML_BY,DML_ON) values (174,'ET0440','ET0440','Branch Request Status Update','Dear {entityData.dmlBy},<br><br>

The {entityData.dmlType} configuration request which you submitted for the Branch screen has been {entityData.approvedTc} by {entityData.checkedBy} on {entityData.checkedOn}.
<div><br></div>','SBI','I','cmsadmin',to_timestamp('04-SEP-25 12.31.48.937290000 PM','DD-MON-RR HH.MI.SSXFF AM'));
Insert into NOTIFICATION_TEMPLATE (NOTIFICATION_TEMPLATE_ID,TEMPLATE_CODE,TEMPLATE_NAME,TEMPLATE_SUBJECT,TEMPLATE,TENANT_CODE,DML_TYPE,DML_BY,DML_ON) values (175,'ET0441','ET0441','Data Validation Configuration Request Status Update','Dear {entityData.dmlBy},<br><br>

The {entityData.dmlType} configuration request which you submitted for Data Validation Configuration screen has been {entityData.approvedTc} by {entityData.checkedBy} on {entityData.checkedOn}.
<div><br></div>','SBI','I','cmsadmin',to_timestamp('04-SEP-25 12.31.55.479139000 PM','DD-MON-RR HH.MI.SSXFF AM'));
Insert into NOTIFICATION_TEMPLATE (NOTIFICATION_TEMPLATE_ID,TEMPLATE_CODE,TEMPLATE_NAME,TEMPLATE_SUBJECT,TEMPLATE,TENANT_CODE,DML_TYPE,DML_BY,DML_ON) values (176,'ET0443','ET0443','Card Manufacturer Request Status Update','Dear {entityData.dmlBy},<br><br>

The {entityData.dmlType} configuration request which you submitted for the Emboss Vendor screen has been {entityData.approvedTc} by {entityData.checkedBy} on {entityData.checkedOn}.
<div><br></div>','SBI','I','cmsadmin',to_timestamp('04-SEP-25 12.32.00.619154000 PM','DD-MON-RR HH.MI.SSXFF AM'));
Insert into NOTIFICATION_TEMPLATE (NOTIFICATION_TEMPLATE_ID,TEMPLATE_CODE,TEMPLATE_NAME,TEMPLATE_SUBJECT,TEMPLATE,TENANT_CODE,DML_TYPE,DML_BY,DML_ON) values (177,'ET0439','ET0439','Hsm Request Status Update','Dear {entityData.dmlBy},<br><br>

The {entityData.dmlType} configuration request which you submitted for the Hsm screen, has been {entityData.approvedTc} by {entityData.checkedBy} on {entityData.checkedOn}.
<div><br></div>','SBI','I','cmsadmin',to_timestamp('04-SEP-25 12.32.06.039467000 PM','DD-MON-RR HH.MI.SSXFF AM'));
Insert into NOTIFICATION_TEMPLATE (NOTIFICATION_TEMPLATE_ID,TEMPLATE_CODE,TEMPLATE_NAME,TEMPLATE_SUBJECT,TEMPLATE,TENANT_CODE,DML_TYPE,DML_BY,DML_ON) values (178,'ET0437','ET0437','PIN Regeneration Request Status Update','Dear {entityData.dmlBy},<br><br>

The {entityData.dmlType} configuration request which you submitted for PIN Regeneration screen has been {entityData.approvedTc} by {entityData.checkedBy} on {entityData.checkedOn}.','SBI','I','cmsadmin',to_timestamp('04-SEP-25 12.32.11.362088000 PM','DD-MON-RR HH.MI.SSXFF AM'));
Insert into NOTIFICATION_TEMPLATE (NOTIFICATION_TEMPLATE_ID,TEMPLATE_CODE,TEMPLATE_NAME,TEMPLATE_SUBJECT,TEMPLATE,TENANT_CODE,DML_TYPE,DML_BY,DML_ON) values (179,'ET0462','ET0462','Card Closure test','Dear,<br>SBI bank user {entityData.dmlType} configuration request has been submitted by {entityData.dmlBy} for the Card Closure screen {entityData.dmlOn} and is awaiting for your approval.
<div><br></div>','SBI','U','cmsadmin',to_timestamp('05-SEP-25 06.27.24.892636000 AM','DD-MON-RR HH.MI.SSXFF AM'));
Insert into NOTIFICATION_TEMPLATE (NOTIFICATION_TEMPLATE_ID,TEMPLATE_CODE,TEMPLATE_NAME,TEMPLATE_SUBJECT,TEMPLATE,TENANT_CODE,DML_TYPE,DML_BY,DML_ON) values (88,'ET0419','ET0419','Data validation configuration update to maker','Dear {entityData.dmlBy}, the {entityData.dmlType} configuration request which you submitted for Data validation configuration screen has been {entityData.approvedTc} by {entityData.checkedBy} on {entityData.checkedOn}.','SBI','I','cmsadmin',to_timestamp('29-AUG-25 06.49.45.182747000 AM','DD-MON-RR HH.MI.SSXFF AM'));
Insert into NOTIFICATION_TEMPLATE (NOTIFICATION_TEMPLATE_ID,TEMPLATE_CODE,TEMPLATE_NAME,TEMPLATE_SUBJECT,TEMPLATE,TENANT_CODE,DML_TYPE,DML_BY,DML_ON) values (147,'ET0430','ET0430','Zone request status update to maker','Dear {entityData.dmlBy}, <div><br><div>The {entityData.dmlType} configuration request which you submitted for the Zone screen has been {entityData.approvedTc} by {entityData.checkedBy} on {entityData.checkedOn}.</div></div>','SBI','I','cmsadmin',to_timestamp('04-SEP-25 06.58.38.309283000 AM','DD-MON-RR HH.MI.SSXFF AM'));
Insert into NOTIFICATION_TEMPLATE (NOTIFICATION_TEMPLATE_ID,TEMPLATE_CODE,TEMPLATE_NAME,TEMPLATE_SUBJECT,TEMPLATE,TENANT_CODE,DML_TYPE,DML_BY,DML_ON) values (148,'ET0431','ET0431','Zone request to checker','Hello, <div><br></div><div>A "{entityData.dmlType}" configuration request has been submitted by {entityData.dmlBy} for the Zone screen on {entityData.dmlOn} and is awaiting for approval.</div>','SBI','I','cmsadmin',to_timestamp('04-SEP-25 07.03.48.691952000 AM','DD-MON-RR HH.MI.SSXFF AM'));
Insert into NOTIFICATION_TEMPLATE (NOTIFICATION_TEMPLATE_ID,TEMPLATE_CODE,TEMPLATE_NAME,TEMPLATE_SUBJECT,TEMPLATE,TENANT_CODE,DML_TYPE,DML_BY,DML_ON) values (87,'ET0420','ET0420','Data validation configuration request is raised by maker','Hello, A {entityData.dmlType} configuration request has been submitted by {entityData.dmlBy} for Data validation configuration on {entityData.dmlOn} and is awaiting for approval.','SBI','I','cmsadmin',to_timestamp('29-AUG-25 06.49.38.291946000 AM','DD-MON-RR HH.MI.SSXFF AM'));
Insert into NOTIFICATION_TEMPLATE (NOTIFICATION_TEMPLATE_ID,TEMPLATE_CODE,TEMPLATE_NAME,TEMPLATE_SUBJECT,TEMPLATE,TENANT_CODE,DML_TYPE,DML_BY,DML_ON) values (26,'ET0400','ET0400','ATM Exchange Rate updated by Checker','Dear {entityData.dmlBy}, the {entityData.dmlType} configuration request which you submitted for ATM Exchange Rate screen has been {entityData.approvedTc} by {entityData.checkedBy} on {entityData.checkedOn}.','SBI','I','cmsadmin',to_timestamp('28-AUG-25 12.24.57.433006000 PM','DD-MON-RR HH.MI.SSXFF AM'));
Insert into NOTIFICATION_TEMPLATE (NOTIFICATION_TEMPLATE_ID,TEMPLATE_CODE,TEMPLATE_NAME,TEMPLATE_SUBJECT,TEMPLATE,TENANT_CODE,DML_TYPE,DML_BY,DML_ON) values (84,'ET0413','ET0413','Program Master Request Approved','Dear {entityData.dmlBy}, the {entityData.dmlType} configuration request which you submitted for Program Maste screen has been {entityData.approvedTc} by {entityData.checkedBy} on {entityData.checkedOn}.','SBI','I','cmsadmin',to_timestamp('29-AUG-25 05.39.26.257896000 AM','DD-MON-RR HH.MI.SSXFF AM'));
Insert into NOTIFICATION_TEMPLATE (NOTIFICATION_TEMPLATE_ID,TEMPLATE_CODE,TEMPLATE_NAME,TEMPLATE_SUBJECT,TEMPLATE,TENANT_CODE,DML_TYPE,DML_BY,DML_ON) values (157,'ET0438','ET0438','Green Pin Generation Request Status Update','Dear {entityData.dmlBy},<br><br> 
The {entityData.dmlType} configuration request which you submitted for Green PIN screen has been {entityData.approvedTc} by {entityData.checkedBy} on {entityData.checkedOn}.','SBI','I','cmsadmin',to_timestamp('04-SEP-25 12.27.53.092461000 PM','DD-MON-RR HH.MI.SSXFF AM'));
Insert into NOTIFICATION_TEMPLATE (NOTIFICATION_TEMPLATE_ID,TEMPLATE_CODE,TEMPLATE_NAME,TEMPLATE_SUBJECT,TEMPLATE,TENANT_CODE,DML_TYPE,DML_BY,DML_ON) values (158,'ET0458','ET0458','Exchange Rate Approval Notification Supervisor','Dear,<br><br>

A {entityData.dmlType} configuration request has been submitted by {entityData.dmlBy} for the Exchange Rate screen on {entityData.dmlOn} and is awaiting for approval.
<div><br></div>','SBI','I','cmsadmin',to_timestamp('04-SEP-25 12.29.51.376262000 PM','DD-MON-RR HH.MI.SSXFF AM'));
Insert into NOTIFICATION_TEMPLATE (NOTIFICATION_TEMPLATE_ID,TEMPLATE_CODE,TEMPLATE_NAME,TEMPLATE_SUBJECT,TEMPLATE,TENANT_CODE,DML_TYPE,DML_BY,DML_ON) values (159,'ET0456','ET0456','Program Master Request Notification','Dear,<br><br>

A {entityData.dmlType} configuration request has been submitted by {entityData.dmlBy} for the Program Master screen on {entityData.dmlOn} and is awaiting for approval.
<div><br></div>','SBI','I','cmsadmin',to_timestamp('04-SEP-25 12.30.03.680406000 PM','DD-MON-RR HH.MI.SSXFF AM'));
Insert into NOTIFICATION_TEMPLATE (NOTIFICATION_TEMPLATE_ID,TEMPLATE_CODE,TEMPLATE_NAME,TEMPLATE_SUBJECT,TEMPLATE,TENANT_CODE,DML_TYPE,DML_BY,DML_ON) values (160,'ET0457','ET0457','Data Validation Configuration Request','Dear,<br><br>

A {entityData.dmlType} configuration request has been submitted by {entityData.dmlBy} for the Data Validation Configuration screen on {entityData.dmlOn} and is awaiting for approval.
<div><br></div>','SBI','I','cmsadmin',to_timestamp('04-SEP-25 12.30.08.753110000 PM','DD-MON-RR HH.MI.SSXFF AM'));
Insert into NOTIFICATION_TEMPLATE (NOTIFICATION_TEMPLATE_ID,TEMPLATE_CODE,TEMPLATE_NAME,TEMPLATE_SUBJECT,TEMPLATE,TENANT_CODE,DML_TYPE,DML_BY,DML_ON) values (161,'ET0453','ET0453','Branch Request','Dear,<br><br>

A {entityData.dmlType} configuration request has been submitted by {entityData.dmlBy} for the Branch screen on {entityData.dmlOn} and is awaiting for approval.
<div><br></div>','SBI','I','cmsadmin',to_timestamp('04-SEP-25 12.30.13.413168000 PM','DD-MON-RR HH.MI.SSXFF AM'));
Insert into NOTIFICATION_TEMPLATE (NOTIFICATION_TEMPLATE_ID,TEMPLATE_CODE,TEMPLATE_NAME,TEMPLATE_SUBJECT,TEMPLATE,TENANT_CODE,DML_TYPE,DML_BY,DML_ON) values (162,'ET0454','ET0454','Exchange Rate Approval Notification Checker','Dear,<br><br>

A {entityData.dmlType} configuration request has been submitted by {entityData.dmlBy} for the Exchange Rate screen on {entityData.dmlOn} and is awaiting for approval.
<div><br></div>','SBI','I','cmsadmin',to_timestamp('04-SEP-25 12.30.18.946612000 PM','DD-MON-RR HH.MI.SSXFF AM'));
Insert into NOTIFICATION_TEMPLATE (NOTIFICATION_TEMPLATE_ID,TEMPLATE_CODE,TEMPLATE_NAME,TEMPLATE_SUBJECT,TEMPLATE,TENANT_CODE,DML_TYPE,DML_BY,DML_ON) values (163,'ET0452','ET0452','Card Hotlist And Reissue Request','Dear,<br><br>

A {entityData.dmlType} configuration request has been submitted by {entityData.dmlBy} for the Card Hotlist And Reissue screen on {entityData.dmlOn} and is awaiting for approval.
<div><br></div>','SBI','I','cmsadmin',to_timestamp('04-SEP-25 12.30.23.565865000 PM','DD-MON-RR HH.MI.SSXFF AM'));
Insert into NOTIFICATION_TEMPLATE (NOTIFICATION_TEMPLATE_ID,TEMPLATE_CODE,TEMPLATE_NAME,TEMPLATE_SUBJECT,TEMPLATE,TENANT_CODE,DML_TYPE,DML_BY,DML_ON) values (164,'ET0455','ET0455','Emboss Vendor Request Notification',TO_CLOB(q'[<div ccp_infra_version="3" ccp_infra_timestamp="1756988003406" ccp_infra_user_hash="1545881787" ccp_infra_copy_id="c1549733-51b3-4bb4-b219-691b16fb6553" data-ccp-timestamp="1756988003406" style=""><table width="589" style="width: 442pt;"><font color="#000000" size="3"><span style="white-space-collapse: collapse;">Dear,<br><br></span></font></table><table width="589" style="width: 442pt;"><font color="#000000" size="3"><span style="white-space-collapse: collapse;"><br></span></font></table><table]')
|| TO_CLOB(q'[ width="589" style="width: 442pt;"><font color="#000000" size="3"><span style="white-space-collapse: collapse;">A {entityData.dmlType} configuration request has been submitted by {entityData.dmlBy} for the Emboss Vendor&nbsp;screen on {entityData.dmlOn} and is awaiting for approval.</span></font></table><div style="color: rgb(0, 0, 0); font-size: medium; white-space-collapse: collapse;"><br></div></div>]'),'SBI','I','cmsadmin',to_timestamp('04-SEP-25 12.30.28.460520000 PM','DD-MON-RR HH.MI.SSXFF AM'));
Insert into NOTIFICATION_TEMPLATE (NOTIFICATION_TEMPLATE_ID,TEMPLATE_CODE,TEMPLATE_NAME,TEMPLATE_SUBJECT,TEMPLATE,TENANT_CODE,DML_TYPE,DML_BY,DML_ON) values (165,'ET0451','ET0451','Green PIN Request','Dear,<br><br>

A {entityData.dmlType} configuration request has been submitted by {entityData.dmlBy} for Green PIN screen on {entityData.dmlOn} and is awaiting for approval.
<div><br></div>','SBI','I','cmsadmin',to_timestamp('04-SEP-25 12.30.33.910316000 PM','DD-MON-RR HH.MI.SSXFF AM'));
Insert into NOTIFICATION_TEMPLATE (NOTIFICATION_TEMPLATE_ID,TEMPLATE_CODE,TEMPLATE_NAME,TEMPLATE_SUBJECT,TEMPLATE,TENANT_CODE,DML_TYPE,DML_BY,DML_ON) values (149,'ET0435','ET0435','Card Hotlist And Reissue Request To Checker','Dear {entityData.checkedBy},

A {entityData.dmlType} configuration request has been submitted by {entityData.dmlBy} for Card Hotlist And Reissue screen on {entityData.dmlOn} and is awaiting for approval.

','SBI','I','cmsadmin',to_timestamp('04-SEP-25 08.15.24.056521000 AM','DD-MON-RR HH.MI.SSXFF AM'));
Insert into NOTIFICATION_TEMPLATE (NOTIFICATION_TEMPLATE_ID,TEMPLATE_CODE,TEMPLATE_NAME,TEMPLATE_SUBJECT,TEMPLATE,TENANT_CODE,DML_TYPE,DML_BY,DML_ON) values (150,'ET0434','ET0434','Card Hotlist And Reissue Request Status Update','Dear {entityData.dmlBy}, 

The {entityData.dmlType} configuration request which you submitted for Card Hotlist And Reissue screen has been {entityData.approvedTc} by {entityData.checkedBy} on {entityData.checkedOn}.
<div><br></div>','SBI','I','cmsadmin',to_timestamp('04-SEP-25 08.15.30.084397000 AM','DD-MON-RR HH.MI.SSXFF AM'));
Insert into NOTIFICATION_TEMPLATE (NOTIFICATION_TEMPLATE_ID,TEMPLATE_CODE,TEMPLATE_NAME,TEMPLATE_SUBJECT,TEMPLATE,TENANT_CODE,DML_TYPE,DML_BY,DML_ON) values (151,'ET0433','ET0433','Local Head Office Request To Checker','Dear {entityData.checkedBy},

A {entityData.dmlType} configuration request has been submitted by {entityData.dmlBy} for the Local Head Office screen on {entityData.dmlOn} and is awaiting for approval.','SBI','I','cmsadmin',to_timestamp('04-SEP-25 08.15.36.443129000 AM','DD-MON-RR HH.MI.SSXFF AM'));
Insert into NOTIFICATION_TEMPLATE (NOTIFICATION_TEMPLATE_ID,TEMPLATE_CODE,TEMPLATE_NAME,TEMPLATE_SUBJECT,TEMPLATE,TENANT_CODE,DML_TYPE,DML_BY,DML_ON) values (152,'ET0432','ET0432','Local Head Office Request Status Update To Maker','Dear {entityData.dmlBy}, 

The {entityData.dmlType} configuration request which you submitted for the Local Head Office screen has been {entityData.approvedTc} by {entityData.checkedBy} on {entityData.checkedOn}.','SBI','I','cmsadmin',to_timestamp('04-SEP-25 08.15.42.341069000 AM','DD-MON-RR HH.MI.SSXFF AM'));
Insert into NOTIFICATION_TEMPLATE (NOTIFICATION_TEMPLATE_ID,TEMPLATE_CODE,TEMPLATE_NAME,TEMPLATE_SUBJECT,TEMPLATE,TENANT_CODE,DML_TYPE,DML_BY,DML_ON) values (153,'ET0436','ET0436','Card Closure Request Status Update To Maker','Dear {entityData.dmlBy},<div><br></div><div>The {entityData.dmlType} configuration request which you submitted for this screen has been {entityData.approvedTc} by {entityData.checkedBy} on {entityData.checkedOn}.</div>','SBI','I','cmsadmin',to_timestamp('04-SEP-25 08.26.06.168484000 AM','DD-MON-RR HH.MI.SSXFF AM'));
Insert into NOTIFICATION_TEMPLATE (NOTIFICATION_TEMPLATE_ID,TEMPLATE_CODE,TEMPLATE_NAME,TEMPLATE_SUBJECT,TEMPLATE,TENANT_CODE,DML_TYPE,DML_BY,DML_ON) values (166,'ET0450','ET0450','Hsm Request','Dear,<br><br>

A {entityData.dmlType} configuration request has been submitted by {entityData.dmlBy} for the HSM screen on {entityData.dmlOn} and is awaiting for approval.
<div><br></div>','SBI','I','cmsadmin',to_timestamp('04-SEP-25 12.30.43.355000000 PM','DD-MON-RR HH.MI.SSXFF AM'));
Insert into NOTIFICATION_TEMPLATE (NOTIFICATION_TEMPLATE_ID,TEMPLATE_CODE,TEMPLATE_NAME,TEMPLATE_SUBJECT,TEMPLATE,TENANT_CODE,DML_TYPE,DML_BY,DML_ON) values (167,'ET0448','ET0448','Program Master Request Status Update','Dear {entityData.dmlBy},<br><br>

The {entityData.dmlType} configuration request which you submitted for the Program Master screen has been {entityData.approvedTc} by {entityData.checkedBy} on {entityData.checkedOn}.
<div><br></div>','SBI','I','cmsadmin',to_timestamp('04-SEP-25 12.30.51.776955000 PM','DD-MON-RR HH.MI.SSXFF AM'));
Insert into NOTIFICATION_TEMPLATE (NOTIFICATION_TEMPLATE_ID,TEMPLATE_CODE,TEMPLATE_NAME,TEMPLATE_SUBJECT,TEMPLATE,TENANT_CODE,DML_TYPE,DML_BY,DML_ON) values (168,'ET0447','ET0447','Zone Request Status Update','Dear {entityData.dmlBy},<br><br>

The {entityData.dmlType} configuration request which you submitted for the Zone screen has been {entityData.approvedTc} by {entityData.checkedBy} on {entityData.checkedOn}.
<div><br></div>','SBI','I','cmsadmin',to_timestamp('04-SEP-25 12.30.59.404507000 PM','DD-MON-RR HH.MI.SSXFF AM'));
Insert into NOTIFICATION_TEMPLATE (NOTIFICATION_TEMPLATE_ID,TEMPLATE_CODE,TEMPLATE_NAME,TEMPLATE_SUBJECT,TEMPLATE,TENANT_CODE,DML_TYPE,DML_BY,DML_ON) values (169,'ET0449','ET0449','PIN Regeneration Request','Dear,<br><br>

A {entityData.dmlType} configuration request has been submitted by {entityData.dmlBy} for the PIN Regeneration screen on {entityData.dmlOn} and is awaiting for approval.
<div><br></div>','SBI','I','cmsadmin',to_timestamp('04-SEP-25 12.31.13.580661000 PM','DD-MON-RR HH.MI.SSXFF AM'));
Insert into NOTIFICATION_TEMPLATE (NOTIFICATION_TEMPLATE_ID,TEMPLATE_CODE,TEMPLATE_NAME,TEMPLATE_SUBJECT,TEMPLATE,TENANT_CODE,DML_TYPE,DML_BY,DML_ON) values (170,'ET0446','ET0446','Card Closure Request Status Update','Dear {entityData.dmlBy},<br><br>

The {entityData.dmlType} configuration request which you submitted for the Card Closure screen has been {entityData.approvedTc} by {entityData.checkedBy} on {entityData.checkedOn}.
<div><br></div>','SBI','I','cmsadmin',to_timestamp('04-SEP-25 12.31.20.617095000 PM','DD-MON-RR HH.MI.SSXFF AM'));
Insert into NOTIFICATION_TEMPLATE (NOTIFICATION_TEMPLATE_ID,TEMPLATE_CODE,TEMPLATE_NAME,TEMPLATE_SUBJECT,TEMPLATE,TENANT_CODE,DML_TYPE,DML_BY,DML_ON) values (171,'ET0445','ET0445','Card Hotlist And Reissue Request Status Update','Dear {entityData.dmlBy},<br><br>

The {entityData.dmlType} configuration request which you submitted for Card Hotlist And Reissue screen has been {entityData.approvedTc} by {entityData.checkedBy} on {entityData.checkedOn}.
<div><br></div>','SBI','I','cmsadmin',to_timestamp('04-SEP-25 12.31.28.779477000 PM','DD-MON-RR HH.MI.SSXFF AM'));
Insert into NOTIFICATION_TEMPLATE (NOTIFICATION_TEMPLATE_ID,TEMPLATE_CODE,TEMPLATE_NAME,TEMPLATE_SUBJECT,TEMPLATE,TENANT_CODE,DML_TYPE,DML_BY,DML_ON) values (154,'ET0461','ET0461','Card Closure Request','Dear,<br><br>

A {entityData.dmlType} configuration request has been submitted by {entityData.dmlBy} for the Card Closure screen on {entityData.dmlOn} and is awaiting for approval.
<div><br></div>','SBI','I','cmsadmin',to_timestamp('04-SEP-25 12.20.56.779037000 PM','DD-MON-RR HH.MI.SSXFF AM'));

REM INSERTING into NOTIFICATION.TYPE_CODE
SET DEFINE OFF;
Insert into NOTIFICATION.TYPE_CODE (TYPE_CODE_ID,TABLE_NAME,FIELD_NAME,CODE,SEQ_NO,DESCRIPTION,PARENT_TABLE_NAME,PARENT_FIELD_NAME,PARENT_CODE,PARAMETER_VALUE_1,PARAMETER_VALUE_2,TENANT_CODE,DML_TYPE,DML_BY,DML_ON) values (1,'NOTIFICATION','COMMUNICATION_TC','EMAIL',1,'Email',null,null,null,null,null,'99','I','System',to_timestamp('11-JUN-24 11.46.15.935089000 AM','DD-MON-RR HH.MI.SSXFF AM'));
Insert into NOTIFICATION.TYPE_CODE (TYPE_CODE_ID,TABLE_NAME,FIELD_NAME,CODE,SEQ_NO,DESCRIPTION,PARENT_TABLE_NAME,PARENT_FIELD_NAME,PARENT_CODE,PARAMETER_VALUE_1,PARAMETER_VALUE_2,TENANT_CODE,DML_TYPE,DML_BY,DML_ON) values (2,'NOTIFICATION','COMMUNICATION_TC','SMS',2,'SMS',null,null,null,null,null,'99','I','System',to_timestamp('11-JUN-24 11.46.15.935089000 AM','DD-MON-RR HH.MI.SSXFF AM'));
Insert into NOTIFICATION.TYPE_CODE (TYPE_CODE_ID,TABLE_NAME,FIELD_NAME,CODE,SEQ_NO,DESCRIPTION,PARENT_TABLE_NAME,PARENT_FIELD_NAME,PARENT_CODE,PARAMETER_VALUE_1,PARAMETER_VALUE_2,TENANT_CODE,DML_TYPE,DML_BY,DML_ON) values (3,'NOTIFICATION_LOG','NOTIFICATION_SOURCE_TC','ENDPOINT',1,'Endpoint',null,null,null,null,null,'99','I','System',to_timestamp('11-JUN-24 11.46.15.935089000 AM','DD-MON-RR HH.MI.SSXFF AM'));
Insert into NOTIFICATION.TYPE_CODE (TYPE_CODE_ID,TABLE_NAME,FIELD_NAME,CODE,SEQ_NO,DESCRIPTION,PARENT_TABLE_NAME,PARENT_FIELD_NAME,PARENT_CODE,PARAMETER_VALUE_1,PARAMETER_VALUE_2,TENANT_CODE,DML_TYPE,DML_BY,DML_ON) values (4,'NOTIFICATION_LOG','NOTIFICATION_SOURCE_TC','PUBSUB',2,'PubSub',null,null,null,null,null,'99','I','System',to_timestamp('11-JUN-24 11.46.15.935089000 AM','DD-MON-RR HH.MI.SSXFF AM'));
Insert into NOTIFICATION.TYPE_CODE (TYPE_CODE_ID,TABLE_NAME,FIELD_NAME,CODE,SEQ_NO,DESCRIPTION,PARENT_TABLE_NAME,PARENT_FIELD_NAME,PARENT_CODE,PARAMETER_VALUE_1,PARAMETER_VALUE_2,TENANT_CODE,DML_TYPE,DML_BY,DML_ON) values (5,'NOTIFICATION_LOG','STATUS_TC','SEND_SUCCESSFULLY',1,'Send Successfully',null,null,null,null,null,'99','I','System',to_timestamp('11-JUN-24 11.46.15.935089000 AM','DD-MON-RR HH.MI.SSXFF AM'));
Insert into NOTIFICATION.TYPE_CODE (TYPE_CODE_ID,TABLE_NAME,FIELD_NAME,CODE,SEQ_NO,DESCRIPTION,PARENT_TABLE_NAME,PARENT_FIELD_NAME,PARENT_CODE,PARAMETER_VALUE_1,PARAMETER_VALUE_2,TENANT_CODE,DML_TYPE,DML_BY,DML_ON) values (6,'NOTIFICATION_LOG','STATUS_TC','FAILED',2,'Failed',null,null,null,null,null,'99','I','System',to_timestamp('11-JUN-24 11.46.15.935089000 AM','DD-MON-RR HH.MI.SSXFF AM'));
Insert into NOTIFICATION.TYPE_CODE (TYPE_CODE_ID,TABLE_NAME,FIELD_NAME,CODE,SEQ_NO,DESCRIPTION,PARENT_TABLE_NAME,PARENT_FIELD_NAME,PARENT_CODE,PARAMETER_VALUE_1,PARAMETER_VALUE_2,TENANT_CODE,DML_TYPE,DML_BY,DML_ON) values (7,'NOTIFICATION_LOG','STATUS_TC','IN_QUEUE',3,'In Queue',null,null,null,null,null,'99','I','System',to_timestamp('11-JUN-24 11.46.15.935089000 AM','DD-MON-RR HH.MI.SSXFF AM'));

-- ------------------------------------------------
BEGIN
  FOR rec IN (
    SELECT owner, table_name, constraint_name
    FROM all_constraints
    WHERE constraint_type = 'R' 
      AND owner = 'NOTIFICATION'  -- or use a specific schema name
  )
  LOOP
    EXECUTE IMMEDIATE 'ALTER TABLE ' || rec.owner || '.' || rec.table_name ||
                      ' ENABLE CONSTRAINT ' || rec.constraint_name;
  END LOOP;
END;
/